cpu_ns,alloc_bytes,wall_ns
273980,52504,279475
506010,52504,510460
492110,52504,497929
275080,52504,282405
274750,52504,281125
295140,52504,300246
277950,52504,282485
281320,52504,286325
281510,52504,285886
283280,52504,287935
274370,52504,279535
362400,52504,366477
314410,52816,321106
305870,52504,311106
283090,52504,288496
287590,52504,294706
367429,52936,372527
310549,52640,316376
278469,52504,283585
285490,52504,291696
284439,52504,288966
289429,52504,294265
278940,52504,283596
274870,52504,279056
268610,52504,273395
312610,52504,317316
272550,52504,278485
279200,52504,284855
284930,52504,289786
600320,52504,604471
273680,52504,278235
276130,52504,281025
270670,52504,277025
282510,52504,286985
272320,52504,277336
272850,52504,277236
272539,52504,277885
339819,52504,344727
398380,52504,402697
310500,52504,314536
272810,52504,278695
290840,52504,296345
414550,52504,420418
306280,52784,311746
350110,52504,355127
390200,52504,394537
347350,52936,352167
333330,52640,338416
272870,52504,277925
276370,52504,281506
271078,52504,276085
288540,52504,293365
320289,52504,325366
270540,52504,274945
298230,52504,304986
266890,52504,272195
269920,52544,274585
263340,52504,268395
265740,52504,270895
267230,52504,278025
262680,52504,267545
272650,52504,279745
271740,52504,276475
321990,52504,326976
265790,52504,270895
279840,52504,285535
264770,52504,270255
313260,52504,317396
300290,52504,304706
267480,52504,272765
265220,52504,270176
262919,52504,267315
263020,52504,270945
265238,52504,270505
263170,52504,269545
264430,52504,269795
330770,52936,337826
288960,52640,294096
275750,52504,280646
277680,52504,284606
265000,52504,272575
282320,52504,287355
301160,52504,307816
365430,52504,384568
656530,52504,663373
320220,52504,324676
252910,52504,258345
249260,52504,254805
248130,52504,256705
250300,52504,256025
257980,52504,263185
299860,52504,305166
300179,52504,308396
296078,52504,301466
287768,52504,293736
284030,52504,289605
278190,52504,283995
291300,52504,296926
281390,52504,286286
278940,52504,284876
348930,52504,354387
310420,52504,316226
298560,52504,303336
290310,52504,296146
292540,52504,298986
301570,52504,307396
368040,52936,373187
313720,52640,318976
347840,52504,354976
306090,52504,312096
294530,52504,300946
294530,52504,299136
404531,52504,408348
313860,52504,318966
326320,52504,329946
708890,52504,711364
788480,52504,798106
817200,52504,820806
604880,52504,609442
654239,52504,656172
376040,52504,381687
316790,52504,322046
307730,52504,312136
373550,52504,379757
338920,52504,345677
513290,52504,517490
441919,52504,445948
483070,52504,487979
365280,52504,369266
352620,52504,356827
500670,52504,505499
582499,52504,585431
310700,52504,314496
296140,52504,299945
313570,52504,316476
296740,52504,300456
365830,52936,368817
312430,52640,316107
292830,52504,296556
295860,52504,299915
292291,52504,296116
289729,52504,293196
294640,52504,298646
346630,52504,349237
286970,52504,291185
293530,52504,297016
451770,52504,455108
526920,52504,530590
325590,52504,329846
338600,52504,342556
308130,52504,311696
286820,52504,290286
296728,52504,300495
382910,52504,384958
304230,52504,308726
360990,52504,364387
363450,52504,367707
595890,52504,602482
406170,52504,410557
298080,52504,302095
889869,52504,895807
1059930,52504,1065070
882869,52504,883477
468670,52504,472839
398980,52936,402108
302520,52640,306185
281110,52504,284815
277419,52504,281185
303890,52504,307346
274920,52504,278345
299020,52504,303016
275520,52504,279265
288090,52504,292466
326500,52504,332127
338040,52504,342257
324120,52504,328476
297070,52504,301026
287910,52504,291286
285268,52504,288836
281850,52504,285836
284440,52544,288085
278410,52504,282335
285480,52504,292676
289160,52504,295256
277040,52504,282055
274690,52504,279635
280720,52504,286515
281420,52504,286966
276950,52504,282916
283000,52504,288286
333070,52936,339316
309340,52640,315126
296240,52504,302195
299310,52504,304116
282450,52504,288415
295498,52504,301986
295980,52504,302176
282929,52504,287516
282310,52504,287626
281800,52504,287545
284860,52504,289996
282710,52504,289216
280920,52504,286475
293680,52504,298846
309970,52504,318046
326730,52504,332597
293800,52504,300885
274900,52504,280315
296740,52504,384557
282730,52504,287996
292120,52504,297436
461149,52504,483490
521050,52504,525750
365760,52504,371077
277260,52504,282175
373200,52936,382097
285590,52640,290856
264500,52504,270665
276360,52504,282356
268290,52504,273515
271340,52504,277036
267840,52504,273405
271210,52504,278485
262090,52504,267885
264609,52504,271245
266950,52504,272425
266839,52504,271785
271970,52504,276495
268460,52504,273605
274030,52504,279225
264031,52504,268695
273280,52504,277925
261288,52504,266605
268310,52504,273305
270640,52504,275786
285750,52504,291445
339719,52504,344316
349100,52608,353757
295778,52504,301306
291210,52504,297166
353169,52936,358287
312430,52640,316946
297459,52504,302786
264540,52504,270355
257680,52504,263554
276590,52504,282515
275640,52504,280756
268260,52504,273625
269800,52504,276726
306160,52504,311426
277140,52504,283486
267100,52504,272155
264130,52504,269685
260470,52504,266445
278830,52504,283855
263140,52504,268535
263770,52504,269625
290330,52504,295205
333288,52504,339247
317620,52504,322756
284900,52504,289845
289020,52504,293206
267929,52504,273565
267280,52504,272225
279450,52504,287395
349300,52936,354377
290890,52640,296056
288500,52568,294216
381420,52504,386917
309880,52504,315526
278140,52504,285206
258290,52504,265185
271830,52504,277536
276580,52504,281405
265740,52504,271295
264049,52504,272865
258280,52504,265465
255820,52504,261665
261880,52504,268175
260370,52504,266485
271980,52504,280176
263190,52504,269455
256969,52504,262625
259350,52504,264545
259199,52504,265696
269740,52504,274455
262080,52504,268405
256310,52504,262235
284940,52504,291776
426529,54528,433588
358330,52640,365837
258700,52504,265305
258739,52504,265235
255330,52504,261345
263100,52504,269205
257730,52504,264155
274450,52504,282885
310170,52504,317686
289970,52504,297265
260500,52504,266566
263370,52504,269636
251500,52504,257215
256310,52504,262205
259850,52544,266045
261459,52504,267385
261550,52504,267085
261780,52504,267515
378240,52504,384607
258340,52504,263995
257130,52504,263585
277610,52504,284635
267840,52504,274525
336360,52936,344337
282220,52640,287395
260660,52504,266125
254650,52504,260556
258510,52504,264845
262830,52504,268345
265619,52504,271645
257320,52504,262845
261619,52504,266905
262390,52504,268515
257000,52504,263165
254570,52504,261065
281150,52504,285946
306440,52504,313116
260630,52504,269195
257840,52504,262905
274480,52504,279895
261880,52504,267965
264171,52504,270125
264120,52504,270135
255240,52504,261025
265249,52504,272335
270760,52504,276155
261000,52504,266615
327140,52936,333766
309590,52776,315476
278600,52504,284505
273360,52504,279965
277060,52504,282515
283811,52504,288706
263010,52504,268045
266410,52504,271875
271810,52504,276385
271070,52504,276546
312800,52872,317897
347000,52504,352566
268000,52504,273415
280890,52560,285885
277660,52504,286005
297780,52504,302716
270909,52504,278956
277240,52504,282746
263320,52504,268875
257120,52504,262875
265860,52504,270965
254440,52504,260045
266580,52504,272265
326960,52936,332707
278291,52640,283946
258440,52504,263915
257530,52504,263105
258349,52504,263935
261760,52504,267545
256370,52504,262435
255970,52504,262005
257620,52504,262845
262960,52504,269065
292460,52504,299106
270678,52504,275815
249070,52504,255255
259310,52504,264405
452010,52504,456878
696770,52504,701314
601550,52504,604812
620150,52504,622522
677110,52504,676262
637180,52504,639872
705490,52504,707564
668120,52504,670903
693160,52504,695684
743230,52936,746535
671680,52640,673933
628650,52504,636433
541940,52504,545061
767570,52504,771525
566819,52504,570341
592410,52504,595472
565370,52504,569651
583400,52504,587831
578000,52504,580131
620350,52504,624772
613930,52504,714664
576800,52504,581051
628850,52504,630522
610140,52504,614232
619240,52504,621962
673640,52504,670263
592279,52504,596262
574040,52504,579101
579120,52504,583111
567560,52504,572120
675420,52936,679263
662200,52640,663903
628220,52504,631282
598470,52504,603371
633080,52504,636392
681870,52504,685143
620420,52504,624812
634860,52504,636152
569399,52504,571861
618330,52504,621262
575560,52504,577891
546730,52504,548711
629580,52504,631602
595760,52504,600541
601840,52504,603442
588100,52504,588292
684180,52504,685973
599110,52504,600512
604430,52504,605592
683670,52504,685203
579460,52504,582681
735810,52936,735664
639240,52680,640782
676730,52504,678153
559690,52504,562711
676890,52504,679963
643680,52504,645432
644680,52504,645872
590440,52504,592281
655370,52504,657392
287510,52504,296806
513380,52504,518070
458960,52504,462688
587720,52504,592191
453560,52504,457849
436470,52504,442139
484070,52504,488059
375550,52504,380307
355440,52504,360497
730520,52504,731704
277840,52504,282346
279850,52504,284276
390020,52504,393167
689760,52936,692883
771749,52640,779085
703289,52504,705303
571900,52504,575201
447290,52504,451078
276660,52504,282065
268790,52504,273785
373540,52504,378527
328810,52504,333317
605439,52504,610501
639670,52504,644662
639020,52504,644353
564538,52504,568871
327950,52504,332586
263590,52504,267595
440129,52504,443188
336879,52504,341747
274940,52504,279225
266620,52504,270695
258500,52504,262605
257130,52504,261535
321180,52976,324696
414600,52936,418888
311849,52640,315786
284970,52504,290455
276400,52504,280385
261270,52504,265525
284040,52504,287916
268270,52504,273606
262030,52504,265965
297450,52504,301455
281470,52504,284855
340410,52504,346306
313240,52504,316716
279440,52504,283535
263290,52504,267495
306060,52504,312476
277100,52504,280736
294820,52504,299935
291970,52504,295356
281560,52504,285365
280540,52504,284326
787130,52504,789035
285930,52504,291466
346460,52936,353427
278300,52640,284145
277130,52504,281706
270320,52504,275615
253510,52504,259335
654800,52504,657643
625809,52504,630422
565810,52504,569051
256890,52504,263615
261400,52504,266765
276990,52504,282465
255310,52504,262585
270630,52504,277005
254230,52504,259355
256949,52504,262635
249880,52504,255465
255370,52504,261815
250800,52504,256544
270830,52504,276115
249870,52504,256785
251480,52504,256935
252380,52504,257695
339330,52936,344467
280850,52640,286395
306730,52504,312356
269520,52504,274325
252989,52504,257714
259980,52504,265655
253690,52504,259395
246160,52504,252004
253169,52504,261295
260420,52504,266455
261350,52504,266755
253560,52504,259175
744480,52504,747435
346160,52504,353156
333490,52504,338487
536950,52504,538430
291218,52504,297036
261320,52504,266965
276930,52504,282145
263940,52504,269335
259390,52504,264955
265440,52504,270695
551200,52936,556470
531010,52640,535160
444440,52504,448709
315820,52504,322336
326480,52504,331876
305490,52504,310816
266480,52504,271885
279510,52504,284815
324230,52504,328806
358320,52504,364577
352990,52504,357686
306680,52504,312296
276030,52504,281695
266989,52504,273005
307040,52544,314786
503089,52504,506000
415199,52504,420078
421239,52504,427248
774190,52504,781315
520640,52504,525600
366310,52504,373367
380640,52936,385687
644120,52640,646472
1066860,52504,1067591
577620,52504,582301
329790,52504,335307
364100,52504,369147
343299,52504,348787
470470,52504,476699
504230,52504,511030
929850,52504,938108
633130,52504,638562
697580,52504,700514
673930,52504,676213
455870,52504,461179
327130,52504,333236
369940,52504,375557
309520,52504,314437
271650,52504,279825
262080,52504,269535
251820,52504,257895
354711,52936,360817
301660,52640,306986
267770,52504,272705
263470,52504,268745
259538,52504,265426
264769,52504,270205
258290,52504,263695
256450,52504,262075
256120,52504,261625
253740,52504,259095
249610,52504,255805
258750,52504,264175
256010,52504,261615
253380,52504,258735
270250,52504,277285
267120,52504,273855
266770,52504,272315
256760,52504,264915
265440,52504,270965
287280,52504,293655
308710,52504,317476
273670,52504,281165
300310,52504,309266
491640,52936,497439
383430,52640,391668
