frame,phase,draws,calls,drawsOffscreen,picturesDrawn,pictureArea,framebuffersMade,hostPixels,offscreenPixels,vertexBytes
1,,25,353,0,0,0,0,141782,0,106944
2,,31,251,2,2,32768,2,655966,74442,85536
3,,31,225,2,2,32768,0,657958,77890,85536
4,,31,225,2,2,32768,0,657922,81127,85536
5,,31,225,2,2,32768,0,657940,79860,85536
6,,31,225,2,2,32768,0,657976,78090,85536
7,,31,225,2,2,32768,0,657945,79860,85536
8,,31,222,2,2,32768,0,657891,84761,90112
9,,31,225,2,2,32768,0,657886,88640,90112
10,,31,222,2,2,32768,0,657900,90566,90112
11,,31,222,2,2,32768,0,657945,90184,90112
12,,31,222,2,2,32768,0,658022,87960,90112
13,,31,222,2,2,32768,0,658042,90184,90112
14,,31,222,2,2,32768,0,658105,87773,90112
15,,31,222,2,2,32768,0,658081,91212,90112
16,,31,222,2,2,32768,0,658104,93995,90112
17,,31,222,2,1,16384,0,658166,93175,90112
18,,31,225,2,2,32768,0,658206,93724,90112
19,,31,222,2,1,16384,0,658263,93175,90112
20,,31,222,2,2,32768,0,658370,88645,90112
21,,31,222,2,2,32768,0,658363,92528,90112
22,,31,222,2,2,32768,0,658384,94874,90112
23,,31,222,2,2,32768,0,658447,94050,90112
24,,31,222,2,1,16384,0,658489,94586,90112
25,,31,222,2,2,32768,0,658528,94050,90112
26,,31,222,2,2,32768,0,658610,90571,90112
27,,31,222,2,2,32768,0,658610,94875,90112
28,,31,222,2,2,32768,0,658628,96810,90112
29,,31,222,2,2,32768,0,658673,95979,90112
30,,31,222,2,1,16384,0,658747,94199,90112
31,,31,222,2,2,32768,0,658770,95979,90112
32,,31,225,2,2,32768,0,658919,87239,90112
33,,31,222,2,2,32768,0,658917,92008,90112
34,,31,222,2,2,32768,0,658916,93472,90112
35,,31,222,2,2,32768,0,658980,92648,90112
36,,31,222,2,1,16384,0,659021,93183,90112
37,,31,222,2,2,32768,0,659077,92648,90112
38,,31,222,2,2,32768,0,659156,90184,90112
39,,31,222,2,1,16384,0,659150,93170,90112
40,,31,222,2,2,32768,0,659174,95973,90112
41,,31,222,2,2,32768,0,659234,95128,90112
42,,31,222,2,2,32768,0,659277,95683,90112
43,,31,222,2,2,32768,0,659315,95128,90112
44,,31,222,2,2,32768,0,659458,87959,90112
45,,31,222,2,2,32768,0,659459,92736,90112
46,,31,222,2,1,16384,0,659473,94195,90112
47,,31,222,2,1,16384,0,659473,94195,90112
48,,31,222,2,1,16384,0,659473,94195,90112
49,,31,222,2,1,16384,0,659473,94195,90112
50,,31,222,2,1,16384,0,659473,94195,90112
51,,31,222,2,1,16384,0,659473,94195,90112
52,,31,222,2,1,16384,0,659473,94195,90112
53,,31,222,2,1,16384,0,659473,94195,90112
54,,31,222,2,1,16384,0,659473,94195,90112
55,,31,222,2,1,16384,0,659473,94195,90112
56,,29,197,0,0,0,0,665861,0,89408
57,,29,197,0,0,0,0,665861,0,89408
58,,29,197,0,0,0,0,665861,0,89408
59,,29,197,0,0,0,0,665861,0,89408
60,,29,197,0,0,0,0,665861,0,89408
61,,29,197,0,0,0,0,665861,0,89408
62,,29,197,0,0,0,0,665861,0,89408
63,,29,197,0,0,0,0,665861,0,89408
64,,29,197,0,0,0,0,665861,0,89408
65,,29,197,0,0,0,0,665861,0,89408
66,,29,197,0,0,0,0,665861,0,89408
67,,29,197,0,0,0,0,665861,0,89408
68,,29,197,0,0,0,0,665861,0,89408
69,,29,197,0,0,0,0,665861,0,89408
70,,29,197,0,0,0,0,665861,0,89408
71,,29,197,0,0,0,0,665861,0,89408
72,,29,197,0,0,0,0,665861,0,89408
73,,29,197,0,0,0,0,665861,0,89408
74,,29,197,0,0,0,0,665861,0,89408
75,,29,199,0,0,0,0,665861,0,89408
76,,29,197,0,0,0,0,665861,0,89408
77,,29,197,0,0,0,0,665861,0,89408
78,,29,197,0,0,0,0,665861,0,89408
79,,29,197,0,0,0,0,665861,0,89408
80,,29,197,0,0,0,0,665861,0,89408
81,,29,197,0,0,0,0,665861,0,89408
82,,29,197,0,0,0,0,665861,0,89408
83,,29,197,0,0,0,0,665861,0,89408
84,,29,197,0,0,0,0,665861,0,89408
85,,29,199,0,0,0,0,665861,0,89408
86,,29,197,0,0,0,0,665861,0,89408
87,,29,197,0,0,0,0,665861,0,89408
88,,29,197,0,0,0,0,665861,0,89408
89,,29,197,0,0,0,0,665861,0,89408
90,,29,197,0,0,0,0,665861,0,89408
91,,29,197,0,0,0,0,665861,0,89408
92,,29,197,0,0,0,0,665861,0,89408
93,,29,197,0,0,0,0,665861,0,89408
94,,29,197,0,0,0,0,665861,0,89408
95,,29,197,0,0,0,0,665861,0,89408
96,,29,197,0,0,0,0,665861,0,89408
97,,29,197,0,0,0,0,665861,0,89408
98,,29,197,0,0,0,0,665861,0,89408
99,,29,197,0,0,0,0,665861,0,89408
100,,29,197,0,0,0,0,665861,0,89408
101,,29,197,0,0,0,0,665861,0,89408
102,,29,197,0,0,0,0,665861,0,89408
103,,29,197,0,0,0,0,665861,0,89408
104,,29,197,0,0,0,0,665861,0,89408
105,,29,197,0,0,0,0,665861,0,89408
106,,29,197,0,0,0,0,665861,0,89408
107,,29,197,0,0,0,0,665861,0,89408
108,,29,197,0,0,0,0,665861,0,89408
109,,29,197,0,0,0,0,665861,0,89408
110,,29,197,0,0,0,0,665861,0,89408
111,,29,197,0,0,0,0,665861,0,89408
112,,29,197,0,0,0,0,665861,0,89408
113,,29,197,0,0,0,0,665861,0,89408
114,,29,197,0,0,0,0,665861,0,89408
115,,29,197,0,0,0,0,665861,0,89408
116,,29,197,0,0,0,0,665861,0,89408
117,,29,197,0,0,0,0,665861,0,89408
118,,29,197,0,0,0,0,665861,0,89408
119,,29,197,0,0,0,0,665861,0,89408
120,,29,197,0,0,0,0,665861,0,89408
121,,29,197,0,0,0,0,665861,0,89408
122,,29,197,0,0,0,0,665861,0,89408
123,,29,197,0,0,0,0,665861,0,89408
124,,29,197,0,0,0,0,665861,0,89408
125,,29,197,0,0,0,0,665861,0,89408
126,,29,197,0,0,0,0,665861,0,89408
127,,29,197,0,0,0,0,665861,0,89408
128,,29,197,0,0,0,0,665861,0,89408
129,,29,197,0,0,0,0,665861,0,89408
130,,29,197,0,0,0,0,665861,0,89408
131,,29,197,0,0,0,0,665861,0,89408
132,,29,197,0,0,0,0,665861,0,89408
133,,29,197,0,0,0,0,665861,0,89408
134,,29,197,0,0,0,0,665861,0,89408
135,,29,197,0,0,0,0,665861,0,89408
136,,29,197,0,0,0,0,665861,0,89408
137,,29,197,0,0,0,0,665861,0,89408
138,,29,197,0,0,0,0,665861,0,89408
139,,29,197,0,0,0,0,665861,0,89408
140,,29,197,0,0,0,0,665861,0,89408
141,,29,197,0,0,0,0,665861,0,89408
142,,29,197,0,0,0,0,665861,0,89408
143,,29,197,0,0,0,0,665861,0,89408
144,,29,197,0,0,0,0,665861,0,89408
145,,29,197,0,0,0,0,665861,0,89408
146,,29,197,0,0,0,0,665861,0,89408
147,,29,197,0,0,0,0,665861,0,89408
148,,29,197,0,0,0,0,665861,0,89408
149,,29,197,0,0,0,0,665861,0,89408
150,,29,197,0,0,0,0,665861,0,89408
151,,29,197,0,0,0,0,665861,0,89408
152,,29,197,0,0,0,0,665861,0,89408
153,,29,197,0,0,0,0,665861,0,89408
154,,29,197,0,0,0,0,665861,0,89408
155,,29,197,0,0,0,0,665861,0,89408
156,,29,197,0,0,0,0,665861,0,89408
157,,29,197,0,0,0,0,665861,0,89408
158,,29,197,0,0,0,0,665861,0,89408
159,,29,197,0,0,0,0,665861,0,89408
160,,29,197,0,0,0,0,665861,0,89408
161,,29,197,0,0,0,0,665861,0,89408
162,,29,197,0,0,0,0,665861,0,89408
163,,29,197,0,0,0,0,665861,0,89408
164,,29,197,0,0,0,0,665861,0,89408
165,,29,197,0,0,0,0,665861,0,89408
166,,29,197,0,0,0,0,665861,0,89408
167,,29,197,0,0,0,0,665861,0,89408
168,,29,197,0,0,0,0,665861,0,89408
169,,29,197,0,0,0,0,665861,0,89408
170,,29,197,0,0,0,0,665861,0,89408
171,,29,197,0,0,0,0,665861,0,89408
172,,29,197,0,0,0,0,665861,0,89408
173,,29,197,0,0,0,0,665861,0,89408
174,,29,197,0,0,0,0,665861,0,89408
175,,29,197,0,0,0,0,665861,0,89408
176,,29,197,0,0,0,0,665861,0,89408
177,,29,197,0,0,0,0,665861,0,89408
178,,29,197,0,0,0,0,665861,0,89408
179,,29,197,0,0,0,0,665861,0,89408
180,,29,197,0,0,0,0,665861,0,89408
181,,29,197,0,0,0,0,665861,0,89408
182,,29,197,0,0,0,0,665861,0,89408
183,,29,197,0,0,0,0,665861,0,89408
184,,29,197,0,0,0,0,665861,0,89408
185,,29,197,0,0,0,0,665861,0,89408
186,,29,197,0,0,0,0,665861,0,89408
187,,29,197,0,0,0,0,665861,0,89408
188,,29,197,0,0,0,0,665861,0,89408
189,,29,197,0,0,0,0,665861,0,89408
190,,29,197,0,0,0,0,665861,0,89408
191,,29,197,0,0,0,0,665861,0,89408
192,,29,197,0,0,0,0,665861,0,89408
193,,29,197,0,0,0,0,665861,0,89408
194,,29,197,0,0,0,0,665861,0,89408
195,,29,197,0,0,0,0,665861,0,89408
196,,29,197,0,0,0,0,665861,0,89408
197,,29,197,0,0,0,0,665861,0,89408
198,,29,197,0,0,0,0,665861,0,89408
199,,29,197,0,0,0,0,665861,0,89408
200,,29,197,0,0,0,0,665861,0,89408
201,,29,197,0,0,0,0,665861,0,89408
202,,29,197,0,0,0,0,665861,0,89408
203,,29,197,0,0,0,0,665861,0,89408
204,,29,197,0,0,0,0,665861,0,89408
205,,29,197,0,0,0,0,665861,0,89408
206,,29,197,0,0,0,0,665861,0,89408
207,,29,197,0,0,0,0,665861,0,89408
208,,29,197,0,0,0,0,665861,0,89408
209,,29,197,0,0,0,0,665861,0,89408
210,,29,197,0,0,0,0,665861,0,89408
211,,29,197,0,0,0,0,665861,0,89408
212,,29,197,0,0,0,0,665861,0,89408
213,,29,197,0,0,0,0,665861,0,89408
214,,29,197,0,0,0,0,665861,0,89408
215,,29,197,0,0,0,0,665861,0,89408
216,,29,197,0,0,0,0,665861,0,89408
217,,29,197,0,0,0,0,665861,0,89408
218,,29,197,0,0,0,0,665861,0,89408
219,,29,197,0,0,0,0,665861,0,89408
220,,29,197,0,0,0,0,665861,0,89408
221,,29,197,0,0,0,0,665861,0,89408
222,,29,197,0,0,0,0,665861,0,89408
223,,29,197,0,0,0,0,665861,0,89408
224,,29,197,0,0,0,0,665861,0,89408
225,,29,197,0,0,0,0,665861,0,89408
226,,29,197,0,0,0,0,665861,0,89408
227,,29,197,0,0,0,0,665861,0,89408
228,,29,197,0,0,0,0,665861,0,89408
229,,29,197,0,0,0,0,665861,0,89408
230,,29,197,0,0,0,0,665861,0,89408
231,,29,197,0,0,0,0,665861,0,89408
232,,29,197,0,0,0,0,665861,0,89408
233,,29,197,0,0,0,0,665861,0,89408
234,,29,197,0,0,0,0,665861,0,89408
235,,29,197,0,0,0,0,665861,0,89408
236,,29,197,0,0,0,0,665861,0,89408
237,,29,197,0,0,0,0,665861,0,89408
238,,29,197,0,0,0,0,665861,0,89408
239,,29,197,0,0,0,0,665861,0,89408
240,,29,197,0,0,0,0,665861,0,89408
241,,29,197,0,0,0,0,665861,0,89408
242,,29,197,0,0,0,0,665861,0,89408
243,,29,197,0,0,0,0,665861,0,89408
244,,29,197,0,0,0,0,665861,0,89408
245,,29,197,0,0,0,0,665861,0,89408
246,,29,197,0,0,0,0,665861,0,89408
247,,29,197,0,0,0,0,665861,0,89408
248,,29,197,0,0,0,0,665861,0,89408
249,,29,197,0,0,0,0,665861,0,89408
250,,29,197,0,0,0,0,665861,0,89408
251,,29,197,0,0,0,0,665861,0,89408
252,,29,197,0,0,0,0,665861,0,89408
253,,29,197,0,0,0,0,665861,0,89408
254,,29,197,0,0,0,0,665861,0,89408
255,,29,197,0,0,0,0,665861,0,89408
256,,29,197,0,0,0,0,665861,0,89408
257,,29,197,0,0,0,0,665861,0,89408
258,,29,197,0,0,0,0,665861,0,89408
259,,29,197,0,0,0,0,665861,0,89408
260,,29,197,0,0,0,0,665861,0,89408
261,,29,197,0,0,0,0,665861,0,89408
262,,29,197,0,0,0,0,665861,0,89408
263,,29,197,0,0,0,0,665861,0,89408
264,,29,197,0,0,0,0,665861,0,89408
265,,29,197,0,0,0,0,665861,0,89408
266,,29,197,0,0,0,0,665861,0,89408
267,,29,197,0,0,0,0,665861,0,89408
268,,29,197,0,0,0,0,665861,0,89408
269,,29,197,0,0,0,0,665861,0,89408
270,,29,197,0,0,0,0,665861,0,89408
271,,29,197,0,0,0,0,665861,0,89408
272,,29,197,0,0,0,0,665861,0,89408
273,,29,197,0,0,0,0,665861,0,89408
274,,29,197,0,0,0,0,665861,0,89408
275,,29,197,0,0,0,0,665861,0,89408
276,,29,197,0,0,0,0,665861,0,89408
277,,29,197,0,0,0,0,665861,0,89408
278,,29,197,0,0,0,0,665861,0,89408
279,,29,197,0,0,0,0,665861,0,89408
280,,29,197,0,0,0,0,665861,0,89408
281,,29,197,0,0,0,0,665861,0,89408
282,,29,197,0,0,0,0,665861,0,89408
283,,29,197,0,0,0,0,665861,0,89408
284,,29,197,0,0,0,0,665861,0,89408
285,,29,197,0,0,0,0,665861,0,89408
286,,29,197,0,0,0,0,665861,0,89408
287,,29,197,0,0,0,0,665861,0,89408
288,,29,197,0,0,0,0,665861,0,89408
289,board-still,29,197,0,0,0,0,665861,0,89408
290,board-still,29,197,0,0,0,0,665861,0,89408
291,board-still,29,197,0,0,0,0,665861,0,89408
292,board-still,29,197,0,0,0,0,665861,0,89408
293,board-still,29,197,0,0,0,0,665861,0,89408
294,board-still,29,197,0,0,0,0,665861,0,89408
295,board-still,29,197,0,0,0,0,665861,0,89408
296,board-still,29,197,0,0,0,0,665861,0,89408
297,board-still,29,197,0,0,0,0,665861,0,89408
298,board-still,29,197,0,0,0,0,665861,0,89408
299,board-still,29,197,0,0,0,0,665861,0,89408
300,board-still,29,197,0,0,0,0,665861,0,89408
301,board-still,29,197,0,0,0,0,665861,0,89408
302,board-still,29,197,0,0,0,0,665861,0,89408
303,board-still,29,197,0,0,0,0,665861,0,89408
304,board-still,29,197,0,0,0,0,665861,0,89408
305,board-still,29,197,0,0,0,0,665861,0,89408
306,board-still,29,197,0,0,0,0,665861,0,89408
307,board-still,29,197,0,0,0,0,665861,0,89408
308,board-still,29,197,0,0,0,0,665861,0,89408
309,board-still,29,197,0,0,0,0,665861,0,89408
310,board-still,29,197,0,0,0,0,665861,0,89408
311,board-still,29,197,0,0,0,0,665861,0,89408
312,board-still,29,197,0,0,0,0,665861,0,89408
313,board-still,29,197,0,0,0,0,665861,0,89408
314,board-still,29,197,0,0,0,0,665861,0,89408
315,board-still,29,197,0,0,0,0,665861,0,89408
316,board-still,29,197,0,0,0,0,665861,0,89408
317,board-still,29,197,0,0,0,0,665861,0,89408
318,board-still,29,197,0,0,0,0,665861,0,89408
319,board-still,29,197,0,0,0,0,665861,0,89408
320,board-still,29,197,0,0,0,0,665861,0,89408
321,board-still,29,197,0,0,0,0,665861,0,89408
322,board-still,29,197,0,0,0,0,665861,0,89408
323,board-still,29,197,0,0,0,0,665861,0,89408
324,board-still,29,197,0,0,0,0,665861,0,89408
325,board-still,29,197,0,0,0,0,665861,0,89408
326,board-still,29,197,0,0,0,0,665861,0,89408
327,board-still,29,197,0,0,0,0,665861,0,89408
328,board-still,29,197,0,0,0,0,665861,0,89408
329,board-still,29,197,0,0,0,0,665861,0,89408
330,board-still,29,197,0,0,0,0,665861,0,89408
331,board-still,29,197,0,0,0,0,665861,0,89408
332,board-still,29,197,0,0,0,0,665861,0,89408
333,board-still,29,197,0,0,0,0,665861,0,89408
334,board-still,29,197,0,0,0,0,665861,0,89408
335,board-still,29,197,0,0,0,0,665861,0,89408
336,board-still,29,197,0,0,0,0,665861,0,89408
337,board-still,29,197,0,0,0,0,665861,0,89408
338,board-still,29,197,0,0,0,0,665861,0,89408
339,board-still,29,197,0,0,0,0,665861,0,89408
340,board-still,29,197,0,0,0,0,665861,0,89408
341,board-still,29,197,0,0,0,0,665861,0,89408
342,board-still,29,197,0,0,0,0,665861,0,89408
343,board-still,29,197,0,0,0,0,665861,0,89408
344,board-still,29,197,0,0,0,0,665861,0,89408
345,board-still,29,197,0,0,0,0,665861,0,89408
346,board-still,29,197,0,0,0,0,665861,0,89408
347,board-still,29,197,0,0,0,0,665861,0,89408
348,board-still,29,197,0,0,0,0,665861,0,89408
349,board-still,29,197,0,0,0,0,665861,0,89408
350,board-still,29,197,0,0,0,0,665861,0,89408
351,board-still,29,197,0,0,0,0,665861,0,89408
352,board-still,29,197,0,0,0,0,665861,0,89408
353,board-still,29,197,0,0,0,0,665861,0,89408
354,board-still,29,197,0,0,0,0,665861,0,89408
355,board-still,29,197,0,0,0,0,665861,0,89408
356,board-still,29,197,0,0,0,0,665861,0,89408
357,board-still,29,197,0,0,0,0,665861,0,89408
358,board-still,29,197,0,0,0,0,665861,0,89408
359,board-still,29,197,0,0,0,0,665861,0,89408
360,board-still,29,197,0,0,0,0,665861,0,89408
361,board-still,29,197,0,0,0,0,665861,0,89408
362,board-still,29,197,0,0,0,0,665861,0,89408
363,board-still,29,197,0,0,0,0,665861,0,89408
364,board-still,29,197,0,0,0,0,665861,0,89408
365,board-still,29,197,0,0,0,0,665861,0,89408
366,board-still,29,197,0,0,0,0,665861,0,89408
367,board-still,29,197,0,0,0,0,665861,0,89408
368,board-still,29,197,0,0,0,0,665861,0,89408
369,board-still,29,197,0,0,0,0,665861,0,89408
370,board-still,29,197,0,0,0,0,665861,0,89408
371,board-still,29,197,0,0,0,0,665861,0,89408
372,board-still,29,197,0,0,0,0,665861,0,89408
373,board-still,29,197,0,0,0,0,665861,0,89408
374,board-still,29,197,0,0,0,0,665861,0,89408
375,board-still,29,197,0,0,0,0,665861,0,89408
376,board-still,29,197,0,0,0,0,665861,0,89408
377,board-still,29,197,0,0,0,0,665861,0,89408
378,board-still,29,197,0,0,0,0,665861,0,89408
379,board-still,29,197,0,0,0,0,665861,0,89408
380,board-still,29,197,0,0,0,0,665861,0,89408
381,board-still,29,197,0,0,0,0,665861,0,89408
382,board-still,29,197,0,0,0,0,665861,0,89408
383,board-still,29,197,0,0,0,0,665861,0,89408
384,board-still,29,197,0,0,0,0,665861,0,89408
385,board-still,29,197,0,0,0,0,665861,0,89408
386,board-still,29,197,0,0,0,0,665861,0,89408
387,board-still,29,197,0,0,0,0,665861,0,89408
388,board-still,29,197,0,0,0,0,665861,0,89408
389,board-still,29,197,0,0,0,0,665861,0,89408
390,board-still,29,197,0,0,0,0,665861,0,89408
391,board-still,29,197,0,0,0,0,665861,0,89408
392,board-still,29,197,0,0,0,0,665861,0,89408
393,board-still,29,197,0,0,0,0,665861,0,89408
394,board-still,29,197,0,0,0,0,665861,0,89408
395,board-still,29,197,0,0,0,0,665861,0,89408
396,board-still,29,197,0,0,0,0,665861,0,89408
397,board-still,29,197,0,0,0,0,665861,0,89408
398,board-still,29,197,0,0,0,0,665861,0,89408
399,board-still,29,197,0,0,0,0,665861,0,89408
400,board-still,29,197,0,0,0,0,665861,0,89408
401,board-still,29,197,0,0,0,0,665861,0,89408
402,board-still,29,197,0,0,0,0,665861,0,89408
403,board-still,29,197,0,0,0,0,665861,0,89408
404,board-still,29,197,0,0,0,0,665861,0,89408
405,board-still,29,197,0,0,0,0,665861,0,89408
406,board-still,29,197,0,0,0,0,665861,0,89408
407,board-still,29,197,0,0,0,0,665861,0,89408
408,board-still,29,197,0,0,0,0,665861,0,89408
409,board-still,29,197,0,0,0,0,665861,0,89408
410,board-still,29,197,0,0,0,0,665861,0,89408
411,board-still,29,197,0,0,0,0,665861,0,89408
412,board-still,29,197,0,0,0,0,665861,0,89408
413,board-still,29,197,0,0,0,0,665861,0,89408
414,board-still,29,197,0,0,0,0,665861,0,89408
415,board-still,29,197,0,0,0,0,665861,0,89408
416,board-still,29,197,0,0,0,0,665861,0,89408
417,board-still,29,197,0,0,0,0,665861,0,89408
418,board-still,29,197,0,0,0,0,665861,0,89408
419,board-still,29,197,0,0,0,0,665861,0,89408
420,board-still,29,197,0,0,0,0,665861,0,89408
421,board-still,29,197,0,0,0,0,665861,0,89408
422,board-still,29,197,0,0,0,0,665861,0,89408
423,board-still,29,197,0,0,0,0,665861,0,89408
424,board-still,29,197,0,0,0,0,665861,0,89408
425,board-still,29,197,0,0,0,0,665861,0,89408
426,board-still,29,197,0,0,0,0,665861,0,89408
427,board-still,29,197,0,0,0,0,665861,0,89408
428,board-still,29,197,0,0,0,0,665861,0,89408
429,board-still,29,197,0,0,0,0,665861,0,89408
430,board-still,29,197,0,0,0,0,665861,0,89408
431,board-still,29,197,0,0,0,0,665861,0,89408
432,board-still,29,197,0,0,0,0,665861,0,89408
433,board-still,29,197,0,0,0,0,665861,0,89408
434,board-still,29,197,0,0,0,0,665861,0,89408
435,board-still,29,197,0,0,0,0,665861,0,89408
436,board-still,29,197,0,0,0,0,665861,0,89408
437,board-still,29,197,0,0,0,0,665861,0,89408
438,board-still,29,197,0,0,0,0,665861,0,89408
439,board-still,29,197,0,0,0,0,665861,0,89408
440,board-still,29,197,0,0,0,0,665861,0,89408
441,board-still,29,197,0,0,0,0,665861,0,89408
442,board-still,29,197,0,0,0,0,665861,0,89408
443,board-still,29,197,0,0,0,0,665861,0,89408
444,board-still,29,197,0,0,0,0,665861,0,89408
445,board-still,29,197,0,0,0,0,665861,0,89408
446,board-still,29,197,0,0,0,0,665861,0,89408
447,board-still,29,197,0,0,0,0,665861,0,89408
448,board-still,29,197,0,0,0,0,665861,0,89408
449,board-still,29,197,0,0,0,0,665861,0,89408
450,board-still,29,197,0,0,0,0,665861,0,89408
451,board-still,29,197,0,0,0,0,665861,0,89408
452,board-still,29,197,0,0,0,0,665861,0,89408
453,board-still,29,197,0,0,0,0,665861,0,89408
454,board-still,29,197,0,0,0,0,665861,0,89408
455,board-still,29,197,0,0,0,0,665861,0,89408
456,board-still,29,197,0,0,0,0,665861,0,89408
457,board-still,29,197,0,0,0,0,665861,0,89408
458,board-still,29,197,0,0,0,0,665861,0,89408
459,board-still,29,197,0,0,0,0,665861,0,89408
460,board-still,29,197,0,0,0,0,665861,0,89408
461,board-still,29,197,0,0,0,0,665861,0,89408
462,board-still,29,197,0,0,0,0,665861,0,89408
463,board-still,29,197,0,0,0,0,665861,0,89408
464,board-still,29,197,0,0,0,0,665861,0,89408
465,board-still,29,197,0,0,0,0,665861,0,89408
466,board-still,29,197,0,0,0,0,665861,0,89408
467,board-still,29,197,0,0,0,0,665861,0,89408
468,board-still,29,197,0,0,0,0,665861,0,89408
469,board-still,29,197,0,0,0,0,665861,0,89408
470,board-still,29,197,0,0,0,0,665861,0,89408
471,board-still,29,197,0,0,0,0,665861,0,89408
472,board-still,29,197,0,0,0,0,665861,0,89408
473,board-still,29,197,0,0,0,0,665861,0,89408
474,board-still,29,197,0,0,0,0,665861,0,89408
475,board-still,29,197,0,0,0,0,665861,0,89408
476,board-still,29,197,0,0,0,0,665861,0,89408
477,board-still,29,197,0,0,0,0,665861,0,89408
478,board-still,29,197,0,0,0,0,665861,0,89408
479,board-still,29,197,0,0,0,0,665861,0,89408
480,board-still,29,197,0,0,0,0,665861,0,89408
481,board-still,29,197,0,0,0,0,665861,0,89408
482,board-still,29,197,0,0,0,0,665861,0,89408
483,board-still,29,197,0,0,0,0,665861,0,89408
484,board-still,29,197,0,0,0,0,665861,0,89408
485,board-still,29,197,0,0,0,0,665861,0,89408
486,board-still,29,197,0,0,0,0,665861,0,89408
487,board-still,29,197,0,0,0,0,665861,0,89408
488,board-still,29,197,0,0,0,0,665861,0,89408
489,board-still,29,197,0,0,0,0,665861,0,89408
490,board-still,29,197,0,0,0,0,665861,0,89408
491,board-still,29,197,0,0,0,0,665861,0,89408
492,board-still,29,197,0,0,0,0,665861,0,89408
493,board-still,29,197,0,0,0,0,665861,0,89408
494,board-still,29,197,0,0,0,0,665861,0,89408
495,board-still,29,197,0,0,0,0,665861,0,89408
496,board-still,29,197,0,0,0,0,665861,0,89408
497,board-still,29,197,0,0,0,0,665861,0,89408
498,board-still,29,197,0,0,0,0,665861,0,89408
499,board-still,29,197,0,0,0,0,665861,0,89408
500,board-still,29,197,0,0,0,0,665861,0,89408
501,board-still,29,197,0,0,0,0,665861,0,89408
502,board-still,29,197,0,0,0,0,665861,0,89408
503,board-still,29,197,0,0,0,0,665861,0,89408
504,board-still,29,197,0,0,0,0,665861,0,89408
505,board-still,29,197,0,0,0,0,665861,0,89408
506,board-still,29,197,0,0,0,0,665861,0,89408
507,board-still,29,197,0,0,0,0,665861,0,89408
508,board-still,29,197,0,0,0,0,665861,0,89408
509,board-still,29,197,0,0,0,0,665861,0,89408
510,board-still,29,197,0,0,0,0,665861,0,89408
511,board-still,29,197,0,0,0,0,665861,0,89408
512,board-still,29,197,0,0,0,0,665861,0,89408
513,board-still,29,197,0,0,0,0,665861,0,89408
514,board-still,29,197,0,0,0,0,665861,0,89408
515,board-still,29,197,0,0,0,0,665861,0,89408
516,board-still,29,197,0,0,0,0,665861,0,89408
517,board-still,29,197,0,0,0,0,665861,0,89408
518,board-still,29,197,0,0,0,0,665861,0,89408
519,board-still,29,197,0,0,0,0,665861,0,89408
520,board-still,29,197,0,0,0,0,665861,0,89408
521,board-still,29,197,0,0,0,0,665861,0,89408
522,board-still,29,197,0,0,0,0,665861,0,89408
523,board-still,29,197,0,0,0,0,665861,0,89408
524,board-still,29,197,0,0,0,0,665861,0,89408
525,board-still,29,197,0,0,0,0,665861,0,89408
526,board-still,29,197,0,0,0,0,665861,0,89408
527,board-still,29,197,0,0,0,0,665861,0,89408
528,board-still,29,197,0,0,0,0,665861,0,89408
529,board-still,29,197,0,0,0,0,665861,0,89408
530,board-still,29,197,0,0,0,0,665861,0,89408
531,board-still,29,197,0,0,0,0,665861,0,89408
532,board-still,29,197,0,0,0,0,665861,0,89408
533,board-still,29,197,0,0,0,0,665861,0,89408
534,board-still,29,197,0,0,0,0,665861,0,89408
535,board-still,29,197,0,0,0,0,665861,0,89408
536,board-still,29,197,0,0,0,0,665861,0,89408
537,board-still,29,197,0,0,0,0,665861,0,89408
538,board-still,29,197,0,0,0,0,665861,0,89408
539,board-still,29,197,0,0,0,0,665861,0,89408
540,board-still,29,197,0,0,0,0,665861,0,89408
541,board-still,29,197,0,0,0,0,665861,0,89408
542,board-still,29,197,0,0,0,0,665861,0,89408
543,board-still,29,197,0,0,0,0,665861,0,89408
544,board-still,29,197,0,0,0,0,665861,0,89408
545,board-still,29,197,0,0,0,0,665861,0,89408
546,board-still,29,197,0,0,0,0,665861,0,89408
547,board-still,29,197,0,0,0,0,665861,0,89408
548,board-still,29,197,0,0,0,0,665861,0,89408
549,board-still,29,197,0,0,0,0,665861,0,89408
550,board-still,29,197,0,0,0,0,665861,0,89408
551,board-still,29,197,0,0,0,0,665861,0,89408
552,board-still,29,197,0,0,0,0,665861,0,89408
553,board-still,29,197,0,0,0,0,665861,0,89408
554,board-still,29,197,0,0,0,0,665861,0,89408
555,board-still,29,197,0,0,0,0,665861,0,89408
556,board-still,29,197,0,0,0,0,665861,0,89408
557,board-still,29,197,0,0,0,0,665861,0,89408
558,board-still,29,197,0,0,0,0,665861,0,89408
559,board-still,29,197,0,0,0,0,665861,0,89408
560,board-still,29,197,0,0,0,0,665861,0,89408
561,board-still,29,197,0,0,0,0,665861,0,89408
562,board-still,29,197,0,0,0,0,665861,0,89408
563,board-still,29,197,0,0,0,0,665861,0,89408
564,board-still,29,197,0,0,0,0,665861,0,89408
565,board-still,29,197,0,0,0,0,665861,0,89408
566,board-still,29,197,0,0,0,0,665861,0,89408
567,board-still,29,197,0,0,0,0,665861,0,89408
568,board-still,29,197,0,0,0,0,665861,0,89408
569,board-still,29,197,0,0,0,0,665861,0,89408
570,board-still,29,197,0,0,0,0,665861,0,89408
571,board-still,29,197,0,0,0,0,665861,0,89408
572,board-still,29,197,0,0,0,0,665861,0,89408
573,board-still,29,197,0,0,0,0,665861,0,89408
574,board-still,29,197,0,0,0,0,665861,0,89408
575,board-still,29,197,0,0,0,0,665861,0,89408
576,board-still,29,197,0,0,0,0,665861,0,89408
577,board-still,29,197,0,0,0,0,665861,0,89408
578,board-still,29,197,0,0,0,0,665861,0,89408
579,board-still,29,197,0,0,0,0,665861,0,89408
580,board-still,29,197,0,0,0,0,665861,0,89408
581,board-still,29,197,0,0,0,0,665861,0,89408
582,board-still,29,197,0,0,0,0,665861,0,89408
583,board-still,29,197,0,0,0,0,665861,0,89408
584,board-still,29,197,0,0,0,0,665861,0,89408
585,board-still,29,197,0,0,0,0,665861,0,89408
586,board-still,29,197,0,0,0,0,665861,0,89408
587,board-still,29,197,0,0,0,0,665861,0,89408
588,,29,197,0,0,0,0,665861,0,89408
589,,29,197,0,0,0,0,665861,0,89408
590,,29,197,0,0,0,0,665861,0,89408
591,,29,197,0,0,0,0,665861,0,89408
592,,29,197,0,0,0,0,665861,0,89408
593,,29,197,0,0,0,0,665861,0,89408
594,,29,197,0,0,0,0,665861,0,89408
595,,29,197,0,0,0,0,665861,0,89408
596,,29,197,0,0,0,0,665861,0,89408
597,,29,197,0,0,0,0,665861,0,89408
598,,29,197,0,0,0,0,665861,0,89408
599,,29,197,0,0,0,0,665861,0,89408
600,,29,197,0,0,0,0,665861,0,89408
601,,29,197,0,0,0,0,665861,0,89408
602,,29,197,0,0,0,0,665861,0,89408
603,,29,197,0,0,0,0,665861,0,89408
604,,29,197,0,0,0,0,665861,0,89408
605,,29,197,0,0,0,0,665861,0,89408
606,,29,197,0,0,0,0,665861,0,89408
607,,29,197,0,0,0,0,665861,0,89408
608,,29,197,0,0,0,0,665861,0,89408
609,,29,197,0,0,0,0,665861,0,89408
610,draft-dealing,29,200,0,0,0,0,665861,0,89408
611,draft-dealing,49,557,11,3,397312,6,993898,1378390,364672
612,draft-dealing,64,717,17,7,2101248,6,1225271,4196682,376288
613,draft-dealing,79,876,37,11,2961408,2,1600741,7160967,415360
614,draft-dealing,84,936,40,11,3043328,1,2074734,7990954,417120
615,draft-dealing,87,983,43,13,4173824,3,2441450,10081651,418176
616,draft-dealing,87,944,43,11,3371008,0,2605991,10147961,418176
617,draft-dealing,87,944,43,11,3371008,0,2617226,10210660,418176
618,draft-dealing,87,957,43,13,4018176,1,2625719,10268355,418176
619,draft-dealing,87,944,43,11,3371008,0,2633392,10320347,418176
620,draft-dealing,87,957,43,13,4046848,1,2640274,10366648,418176
621,draft-dealing,87,957,43,15,4931584,1,2646399,10396054,418176
622,draft-dealing,55,749,42,10,3403776,0,1784591,10354114,253792
623,draft-dealing,55,762,42,14,4935680,1,1789310,10386107,253792
624,draft-dealing,55,749,42,12,4050944,0,1793385,10409355,253792
625,draft-dealing,55,749,42,12,4050944,0,1796859,10424461,253792
626,draft-dealing,55,749,42,12,4288512,0,1799778,10437573,253792
627,draft-dealing,55,749,42,12,4050944,0,1802186,10456801,253792
628,draft-dealing,55,749,42,12,4050944,0,1804130,10467033,253792
629,draft-dealing,55,749,42,10,3403776,0,1805565,10470487,253792
630,draft-dealing,55,749,42,10,3403776,0,1806477,10487919,253792
631,draft-dealing,55,749,42,10,3403776,0,1807292,10480630,253792
632,draft-dealing,55,749,42,8,2674688,0,1807756,10495253,253792
633,draft-dealing,55,749,42,10,3248128,0,1807945,10490668,253792
634,draft-dealing,55,749,42,8,2674688,0,1807681,10485603,253792
635,draft-dealing,55,749,42,10,3248128,0,1807762,10491442,253792
636,draft-dealing,54,725,39,9,2961408,0,1885613,9580311,266112
637,draft-dealing,51,660,29,7,2473984,0,2944195,7955487,265056
638,draft-dealing,48,630,26,6,2031616,0,2944195,7044339,264000
639,draft-dealing,48,630,26,6,2031616,0,2944195,7044339,264000
640,draft-dealing,48,630,26,6,2031616,0,2944195,7044339,264000
641,draft-dealing,48,630,26,6,2031616,0,2944195,7044339,264000
642,draft-dealing,48,630,26,6,2031616,0,2944195,7044339,264000
643,draft-dealing,48,630,26,6,2031616,0,2944195,7044339,264000
644,draft-dealing,48,634,26,6,2031616,0,2944195,7044339,264000
645,draft-dealing,48,630,26,6,2031616,0,2944195,7044339,264000
646,draft-dealing,45,606,23,6,1945600,0,2928621,5165440,262944
647,draft-dealing,45,606,23,6,1945600,0,2928621,5173684,262944
648,draft-dealing,45,606,23,6,1945600,0,2928621,5176196,262944
649,draft-dealing,45,608,23,6,1945600,0,2928554,5172960,262944
650,draft-dealing,45,606,23,6,1945600,0,2928973,5175167,262944
651,draft-dealing,45,616,23,6,1945600,0,2928758,5182819,262944
652,draft-dealing,45,606,23,6,1945600,0,2928570,5184708,262944
653,draft-dealing,48,630,26,4,1458176,0,2943984,7058344,264000
654,draft-dealing,48,630,26,4,1458176,0,2944505,7062570,264000
655,draft-dealing,48,630,26,4,1458176,0,2944390,7066478,264000
656,draft-dealing,48,634,26,4,1458176,0,2941022,7070066,264000
657,draft-dealing,48,630,26,4,1458176,0,2937449,7073318,264000
658,draft-dealing,48,632,26,6,2342912,0,2935054,7078250,264000
659,draft-dealing,48,630,26,4,1458176,0,2933593,7078795,264000
660,draft-dealing,48,630,26,4,1458176,0,2932841,7081007,264000
661,draft-dealing,48,630,26,4,1458176,0,2932557,7082862,264000
662,draft-dealing,48,630,26,6,2031616,0,2932508,7089878,264000
663,draft-dealing,48,630,26,6,2031616,0,2930086,7091111,264000
664,draft-dealing,48,630,26,4,1458176,0,2926325,7086639,264000
665,draft-dealing,48,632,26,6,2342912,0,2923774,7089535,264000
666,draft-dealing,51,695,36,6,1945600,0,1864515,8713041,265056
667,draft-dealing,51,695,36,8,2519040,0,1863678,8719064,265056
668,draft-dealing,51,695,36,8,2830336,0,1863346,8715878,265056
669,draft-dealing,48,671,33,6,1945600,0,1862984,6800404,264000
670,draft-dealing,48,671,33,6,1945600,0,1862984,6798379,264000
671,draft-dealing,48,671,33,6,1945600,0,1862984,6798379,264000
672,draft-dealing,45,603,23,6,1945600,0,2954884,5150579,262944
673,draft-dealing,45,605,23,6,1945600,0,2954884,5150579,262944
674,draft-dealing,45,605,23,6,1945600,0,2954884,5150579,262944
675,draft-dealing,45,605,23,6,1945600,0,2954798,5150579,262944
676,draft-dealing,42,532,13,4,1458176,0,4012565,3525730,261888
677,draft-dealing,42,532,13,4,1458176,0,4012565,3525730,261888
678,draft-dealing,42,532,13,4,1458176,0,4012565,3525730,261888
679,draft-dealing,46,581,24,4,1216512,0,2920498,4378886,267520
680,draft-dealing,43,514,14,2,487424,0,3989827,1764304,266464
681,draft-dealing,43,514,14,2,487424,0,3989827,1764304,266464
682,draft-dealing,43,514,14,2,487424,0,3989827,1764304,266464
683,draft-dealing,43,514,14,2,487424,0,3989827,1764304,266464
684,draft-dealing,43,514,14,2,487424,0,3989827,1764304,266464
685,draft-dealing,43,514,14,2,487424,0,3989827,1764304,266464
686,draft-dealing,43,514,14,2,487424,0,3989827,1764304,266464
687,draft-dealing,43,514,14,2,487424,0,3989827,1764304,266464
688,draft-dealing,43,514,14,2,487424,0,3989827,1764304,266464
689,draft-dealing,43,514,14,2,487424,0,3989827,1764304,266464
690,draft-dealing,43,514,14,2,487424,0,3989827,1764304,266464
691,draft-dealing,43,514,14,2,487424,0,3989827,1764304,266464
692,draft-dealing,43,514,14,2,487424,0,3989827,1764304,266464
693,draft-dealing,43,514,14,2,487424,0,3989827,1764304,266464
694,draft-dealing,43,514,14,2,487424,0,3989827,1764304,266464
695,draft-dealing,43,514,14,2,487424,0,3989827,1764304,266464
696,draft-dealing,43,514,14,2,487424,0,3989827,1764304,266464
697,draft-dealing,40,448,0,0,0,0,5197967,0,265408
698,draft-dealing,40,447,0,0,0,0,5197967,0,265408
699,draft-dealing,40,443,0,0,0,0,5197967,0,265408
700,draft-dealing,47,527,14,2,487424,0,4140286,1741351,272096
701,draft-dealing,47,528,14,2,487424,0,4140286,1741351,272096
702,draft-dealing,47,528,14,2,487424,0,4140286,1741351,272096
703,draft-dealing,47,528,14,2,487424,0,4140286,1741351,272096
704,draft-dealing,47,528,14,2,487424,0,4140286,1741351,272096
705,draft-dealing,47,528,14,2,487424,0,4140286,1741351,272096
706,draft-dealing,47,528,14,2,487424,0,4140286,1741351,272096
707,draft-dealing,47,528,14,2,487424,0,4140286,1741351,272096
708,draft-dealing,47,532,14,2,487424,0,4113274,1741351,269280
709,draft-dealing,47,532,14,2,487424,0,4113274,1741351,269280
710,draft-dealing,47,528,14,2,487424,0,4113274,1741351,269280
711,draft-dealing,47,528,14,2,487424,0,4113274,1741351,269280
712,draft-dealing,47,528,14,2,487424,0,4113274,1741351,269280
713,draft-dealing,47,528,14,2,487424,0,4113274,1741351,269280
714,draft-dealing,47,528,14,2,487424,0,4113274,1741351,269280
715,draft-dealing,47,528,14,2,487424,0,4113274,1741351,269280
716,draft-dealing,47,528,14,2,487424,0,4113274,1741351,269280
717,draft-dealing,47,528,14,2,487424,0,4112648,1741351,269280
718,draft-dealing,44,456,0,0,0,0,5287195,0,268224
719,draft-dealing,44,455,0,0,0,0,5287195,0,268224
720,draft-dealing,51,539,14,2,487424,0,4217732,1741354,274912
721,draft-dealing,51,540,14,2,487424,0,4217732,1741354,274912
722,draft-dealing,51,540,14,2,487424,0,4217732,1741354,274912
723,draft-dealing,51,540,14,2,487424,0,4217732,1741354,274912
724,draft-dealing,51,540,14,2,487424,0,4217732,1741354,274912
725,draft-dealing,51,540,14,2,487424,0,4217732,1741354,274912
726,draft-dealing,51,540,14,2,487424,0,4217732,1741354,274912
727,draft-dealing,51,540,14,2,487424,0,4217732,1741354,274912
728,draft-dealing,51,540,14,2,487424,0,4190720,1741354,272096
729,draft-dealing,51,540,14,2,487424,0,4190720,1741354,272096
730,draft-dealing,51,540,14,2,487424,0,4190720,1741354,272096
731,draft-dealing,51,540,14,2,487424,0,4190720,1741354,272096
732,draft-dealing,51,540,14,2,487424,0,4190720,1741354,272096
733,draft-dealing,51,540,14,2,487424,0,4190720,1741354,272096
734,draft-dealing,51,540,14,2,487424,0,4190720,1741354,272096
735,draft-dealing,51,540,14,2,487424,0,4190720,1741354,272096
736,draft-dealing,51,540,14,2,487424,0,4190720,1741354,272096
737,draft-dealing,51,540,14,2,487424,0,4190720,1741354,272096
738,draft-dealing,48,468,0,0,0,0,5376422,0,271040
739,draft-dealing,48,467,0,0,0,0,5376422,0,271040
740,draft-dealing,48,467,0,0,0,0,5376422,0,271040
741,draft-dealing,48,467,0,0,0,0,5376422,0,271040
742,draft-dealing,48,467,0,0,0,0,5376422,0,271040
743,draft-dealing,48,467,0,0,0,0,5376422,0,271040
744,draft-dealing,48,467,0,0,0,0,5376422,0,271040
745,draft-dealing,48,467,0,0,0,0,5376422,0,271040
746,draft-dealing,57,695,42,2,487424,1,1798666,5192815,274208
747,draft-dealing,57,683,42,2,487424,0,1786523,5161566,274208
748,draft-dealing,57,683,42,2,487424,0,1750351,5072419,274208
749,draft-dealing,57,683,42,2,487424,0,1691385,4900035,271392
750,draft-dealing,57,683,42,2,487424,0,1600301,4701035,271392
751,draft-dealing,57,683,42,2,487424,0,1481263,4451746,271392
752,draft-dealing,57,683,42,2,487424,0,1340251,4156450,271392
753,draft-dealing,57,683,42,2,487424,0,1179670,3820181,271392
754,draft-dealing,57,683,42,2,487424,0,1002274,3448706,271392
755,draft-dealing,57,683,42,2,487424,0,811105,3048376,271392
756,draft-dealing,57,683,42,2,487424,0,609430,2626031,271392
757,draft-dealing,57,683,42,2,487424,0,400696,2188928,271392
758,draft-dealing,73,885,58,4,634880,1,205460,1667088,406912
759,draft-dealing,86,963,60,6,647168,2,571409,2112142,449152
760,draft-dealing,86,934,60,6,647168,0,858500,2548353,445984
761,draft-dealing,86,934,60,6,647168,0,1059461,2969200,445984
762,draft-dealing,86,934,60,6,647168,0,1249652,3367477,445984
763,draft-dealing,86,934,60,6,647168,0,1425812,3736368,445984
764,draft-dealing,86,934,60,6,647168,0,1584926,4069571,445984
765,draft-dealing,86,934,60,6,647168,0,1693665,4361368,439296
766,draft-dealing,86,934,60,6,647168,0,1810855,4606790,439296
767,draft-dealing,86,934,60,6,647168,0,1898969,4801627,439296
768,draft-dealing,86,934,60,6,647168,0,1956148,4942523,439296
769,draft-dealing,86,934,60,6,647168,0,1990469,5027112,439296
770,draft-dealing,77,739,13,4,159744,0,5275733,164471,436128
771,draft-dealing,77,738,13,4,159744,0,5275733,164471,436128
772,draft-dealing,77,738,13,4,159744,0,5275733,164471,436128
773,draft-dealing,77,738,13,4,159744,0,5275733,164471,436128
774,draft-dealing,77,738,13,4,159744,0,5275733,164471,436128
775,draft-dealing,77,738,13,4,159744,0,5275733,164471,436128
776,draft-dealing,77,738,13,4,159744,0,5275733,164471,436128
777,draft-dealing,77,738,13,4,159744,0,5275733,164471,436128
778,draft-dealing,77,738,13,4,159744,0,5275733,164471,436128
779,draft-dealing,77,738,13,4,159744,0,5275733,164471,436128
780,draft-dealing,77,738,13,4,159744,0,5275733,164471,436128
781,draft-dealing,77,738,13,4,159744,0,5275733,164471,436128
782,draft-dealing,77,738,13,4,159744,0,5275733,164471,436128
783,draft-dealing,77,738,13,4,159744,0,5275733,164471,436128
784,draft-dealing,77,738,13,4,159744,0,5275733,164471,436128
785,draft-dealing,77,738,13,4,159744,0,5275733,164471,436128
786,draft-dealing,77,738,13,4,159744,0,5275733,164471,436128
787,draft-dealing,77,738,13,4,159744,0,5275733,164471,436128
788,draft-dealing,77,738,13,4,159744,0,5275733,164471,436128
789,draft-dealing,77,738,13,4,159744,0,5275733,164471,436128
790,draft-dealing,77,738,13,4,159744,0,5275733,164471,436128
791,,77,738,13,4,159744,0,5275733,164471,436128
792,,77,738,13,4,159744,0,5275733,164471,436128
793,,77,738,13,4,159744,0,5275733,164471,436128
794,,77,738,13,4,159744,0,5275733,164471,436128
795,,77,738,13,4,159744,0,5275733,164471,436128
796,,77,738,13,4,159744,0,5275733,164471,436128
797,draft-open,77,738,13,4,159744,0,5275733,164471,436128
798,draft-open,77,738,13,4,159744,0,5275733,164471,436128
799,draft-open,77,742,13,4,159744,0,5275733,164471,436128
800,draft-open,77,738,13,4,159744,0,5275733,164471,436128
801,draft-open,77,738,13,4,159744,0,5275733,164471,436128
802,draft-open,77,738,13,4,159744,0,5275733,164471,436128
803,draft-open,77,738,13,4,159744,0,5275733,164471,436128
804,draft-open,77,738,13,4,159744,0,5275733,164471,436128
805,draft-open,77,738,13,4,159744,0,5275733,164471,436128
806,draft-open,77,738,13,4,159744,0,5275733,164471,436128
807,draft-open,77,738,13,4,159744,0,5275733,164471,436128
808,draft-open,77,738,13,4,159744,0,5275733,164471,436128
809,draft-open,77,738,13,4,159744,0,5275733,164471,436128
810,draft-open,77,738,13,4,159744,0,5275733,164471,436128
811,draft-open,77,738,13,4,159744,0,5275733,164471,436128
812,draft-open,77,738,13,4,159744,0,5275733,164471,436128
813,draft-open,77,738,13,4,159744,0,5275733,164471,436128
814,draft-open,77,738,13,4,159744,0,5275733,164471,436128
815,draft-open,77,738,13,4,159744,0,5275733,164471,436128
816,draft-open,77,738,13,4,159744,0,5275733,164471,436128
817,draft-open,77,738,13,4,159744,0,5275733,164471,436128
818,draft-open,77,738,13,4,159744,0,5275733,164471,436128
819,draft-open,77,738,13,4,159744,0,5275733,164471,436128
820,draft-open,77,738,13,4,159744,0,5275733,164471,436128
821,draft-open,77,738,13,4,159744,0,5275733,164471,436128
822,draft-open,77,738,13,4,159744,0,5275733,164471,436128
823,draft-open,77,738,13,4,159744,0,5275733,164471,436128
824,draft-open,77,738,13,4,159744,0,5275733,164471,436128
825,draft-open,77,738,13,4,159744,0,5275733,164471,436128
826,draft-open,77,738,13,4,159744,0,5275733,164471,436128
827,draft-open,77,738,13,4,159744,0,5275733,164471,436128
828,draft-open,77,738,13,4,159744,0,5275733,164471,436128
829,draft-open,77,738,13,4,159744,0,5275733,164471,436128
830,draft-open,77,738,13,4,159744,0,5275733,164471,436128
831,draft-open,77,738,13,4,159744,0,5275733,164471,436128
832,draft-open,77,738,13,4,159744,0,5275733,164471,436128
833,draft-open,77,738,13,4,159744,0,5275733,164471,436128
834,draft-open,77,738,13,4,159744,0,5275733,164471,436128
835,draft-open,77,738,13,4,159744,0,5275733,164471,436128
836,draft-open,77,738,13,4,159744,0,5275733,164471,436128
837,draft-open,77,738,13,4,159744,0,5275733,164471,436128
838,draft-open,77,738,13,4,159744,0,5275733,164471,436128
839,draft-open,77,738,13,4,159744,0,5275733,164471,436128
840,draft-open,77,738,13,4,159744,0,5275733,164471,436128
841,draft-open,77,738,13,4,159744,0,5275733,164471,436128
842,draft-open,77,738,13,4,159744,0,5275733,164471,436128
843,draft-open,77,738,13,4,159744,0,5275733,164471,436128
844,draft-open,77,738,13,4,159744,0,5275733,164471,436128
845,draft-open,77,738,13,4,159744,0,5275733,164471,436128
846,draft-open,77,738,13,4,159744,0,5275733,164471,436128
847,draft-open,77,738,13,4,159744,0,5275733,164471,436128
848,draft-open,77,738,13,4,159744,0,5275733,164471,436128
849,draft-open,77,738,13,4,159744,0,5275733,164471,436128
850,draft-open,77,738,13,4,159744,0,5275733,164471,436128
851,draft-open,77,738,13,4,159744,0,5275733,164471,436128
852,draft-open,77,738,13,4,159744,0,5275733,164471,436128
853,draft-open,77,738,13,4,159744,0,5275733,164471,436128
854,draft-open,77,738,13,4,159744,0,5275733,164471,436128
855,draft-open,77,738,13,4,159744,0,5275733,164471,436128
856,draft-open,77,738,13,4,159744,0,5275733,164471,436128
857,draft-open,77,738,13,4,159744,0,5275733,164471,436128
858,draft-open,77,738,13,4,159744,0,5275733,164471,436128
859,draft-open,77,738,13,4,159744,0,5275733,164471,436128
860,draft-open,77,738,13,4,159744,0,5275733,164471,436128
861,draft-open,77,738,13,4,159744,0,5275733,164471,436128
862,draft-open,77,738,13,4,159744,0,5275733,164471,436128
863,draft-open,77,738,13,4,159744,0,5275733,164471,436128
864,draft-open,77,738,13,4,159744,0,5275733,164471,436128
865,draft-open,77,738,13,4,159744,0,5275733,164471,436128
866,draft-open,77,738,13,4,159744,0,5275733,164471,436128
867,draft-open,77,738,13,4,159744,0,5275733,164471,436128
868,draft-open,77,738,13,4,159744,0,5275733,164471,436128
869,draft-open,77,738,13,4,159744,0,5275733,164471,436128
870,draft-open,77,738,13,4,159744,0,5275733,164471,436128
871,draft-open,77,738,13,4,159744,0,5275733,164471,436128
872,draft-open,77,738,13,4,159744,0,5275733,164471,436128
873,draft-open,77,738,13,4,159744,0,5275733,164471,436128
874,draft-open,77,738,13,4,159744,0,5275733,164471,436128
875,draft-open,77,738,13,4,159744,0,5275733,164471,436128
876,draft-open,77,738,13,4,159744,0,5275733,164471,436128
877,draft-open,77,738,13,4,159744,0,5275733,164471,436128
878,draft-open,77,738,13,4,159744,0,5275733,164471,436128
879,draft-open,77,738,13,4,159744,0,5275733,164471,436128
880,draft-open,77,738,13,4,159744,0,5275733,164471,436128
881,draft-open,77,738,13,4,159744,0,5275733,164471,436128
882,draft-open,77,738,13,4,159744,0,5275733,164471,436128
883,draft-open,77,738,13,4,159744,0,5275733,164471,436128
884,draft-open,77,738,13,4,159744,0,5275733,164471,436128
885,draft-open,77,738,13,4,159744,0,5275733,164471,436128
886,draft-open,77,738,13,4,159744,0,5275733,164471,436128
887,draft-open,77,738,13,4,159744,0,5275733,164471,436128
888,draft-open,77,738,13,4,159744,0,5275733,164471,436128
889,draft-open,77,738,13,4,159744,0,5275733,164471,436128
890,draft-open,77,738,13,4,159744,0,5275733,164471,436128
891,draft-open,77,738,13,4,159744,0,5275733,164471,436128
892,draft-open,77,738,13,4,159744,0,5275733,164471,436128
893,draft-open,77,738,13,4,159744,0,5275733,164471,436128
894,draft-open,77,738,13,4,159744,0,5275733,164471,436128
895,draft-open,77,738,13,4,159744,0,5275733,164471,436128
896,draft-open,77,738,13,4,159744,0,5275733,164471,436128
897,draft-open,77,738,13,4,159744,0,5275733,164471,436128
898,draft-open,77,738,13,4,159744,0,5275733,164471,436128
899,draft-open,77,738,13,4,159744,0,5275733,164471,436128
900,draft-open,77,738,13,4,159744,0,5275733,164471,436128
901,draft-open,77,738,13,4,159744,0,5275733,164471,436128
902,draft-open,77,738,13,4,159744,0,5275733,164471,436128
903,draft-open,77,738,13,4,159744,0,5275733,164471,436128
904,draft-open,77,738,13,4,159744,0,5275733,164471,436128
905,draft-open,77,738,13,4,159744,0,5275733,164471,436128
906,draft-open,77,738,13,4,159744,0,5275733,164471,436128
907,draft-open,77,738,13,4,159744,0,5275733,164471,436128
908,draft-open,77,738,13,4,159744,0,5275733,164471,436128
909,draft-open,77,738,13,4,159744,0,5275733,164471,436128
910,draft-open,77,738,13,4,159744,0,5275733,164471,436128
911,draft-open,77,738,13,4,159744,0,5275733,164471,436128
912,draft-open,77,738,13,4,159744,0,5275733,164471,436128
913,draft-open,77,738,13,4,159744,0,5275733,164471,436128
914,draft-open,77,738,13,4,159744,0,5275733,164471,436128
915,draft-open,77,738,13,4,159744,0,5275733,164471,436128
916,draft-open,77,738,13,4,159744,0,5275733,164471,436128
917,draft-open,77,738,13,4,159744,0,5275733,164471,436128
918,draft-open,77,738,13,4,159744,0,5275733,164471,436128
919,draft-open,77,738,13,4,159744,0,5275733,164471,436128
920,draft-open,77,738,13,4,159744,0,5275733,164471,436128
921,draft-open,77,738,13,4,159744,0,5275733,164471,436128
922,draft-open,77,738,13,4,159744,0,5275733,164471,436128
923,draft-open,77,738,13,4,159744,0,5275733,164471,436128
924,draft-open,77,738,13,4,159744,0,5275733,164471,436128
925,draft-open,77,738,13,4,159744,0,5275733,164471,436128
926,draft-open,77,738,13,4,159744,0,5275733,164471,436128
927,draft-open,77,738,13,4,159744,0,5275733,164471,436128
928,draft-open,77,738,13,4,159744,0,5275733,164471,436128
929,draft-open,77,738,13,4,159744,0,5275733,164471,436128
930,draft-open,77,738,13,4,159744,0,5275733,164471,436128
931,draft-open,77,738,13,4,159744,0,5275733,164471,436128
932,draft-open,77,738,13,4,159744,0,5275733,164471,436128
933,draft-open,77,738,13,4,159744,0,5275733,164471,436128
934,draft-open,77,738,13,4,159744,0,5275733,164471,436128
935,draft-open,77,738,13,4,159744,0,5275733,164471,436128
936,draft-open,77,738,13,4,159744,0,5275733,164471,436128
937,draft-open,77,738,13,4,159744,0,5275733,164471,436128
938,draft-open,77,738,13,4,159744,0,5275733,164471,436128
939,draft-open,77,738,13,4,159744,0,5275733,164471,436128
940,draft-open,77,738,13,4,159744,0,5275733,164471,436128
941,draft-open,77,738,13,4,159744,0,5275733,164471,436128
942,draft-open,77,738,13,4,159744,0,5275733,164471,436128
943,draft-open,77,738,13,4,159744,0,5275733,164471,436128
944,draft-open,77,738,13,4,159744,0,5275733,164471,436128
945,draft-open,77,738,13,4,159744,0,5275733,164471,436128
946,draft-open,77,738,13,4,159744,0,5275733,164471,436128
947,draft-open,77,738,13,4,159744,0,5275733,164471,436128
948,draft-open,77,738,13,4,159744,0,5275733,164471,436128
949,draft-open,77,738,13,4,159744,0,5275733,164471,436128
950,draft-open,77,738,13,4,159744,0,5275733,164471,436128
951,draft-open,77,738,13,4,159744,0,5275733,164471,436128
952,draft-open,77,738,13,4,159744,0,5275733,164471,436128
953,draft-open,77,738,13,4,159744,0,5275733,164471,436128
954,draft-open,77,738,13,4,159744,0,5275733,164471,436128
955,draft-open,77,738,13,4,159744,0,5275733,164471,436128
956,draft-open,77,738,13,4,159744,0,5275733,164471,436128
957,draft-open,77,738,13,4,159744,0,5275733,164471,436128
958,draft-open,77,738,13,4,159744,0,5275733,164471,436128
959,draft-open,77,738,13,4,159744,0,5275733,164471,436128
960,draft-open,77,738,13,4,159744,0,5275733,164471,436128
961,draft-open,77,738,13,4,159744,0,5275733,164471,436128
962,draft-open,77,738,13,4,159744,0,5275733,164471,436128
963,draft-open,77,738,13,4,159744,0,5275733,164471,436128
964,draft-open,77,738,13,4,159744,0,5275733,164471,436128
965,draft-open,77,738,13,4,159744,0,5275733,164471,436128
966,draft-open,77,738,13,4,159744,0,5275733,164471,436128
967,draft-open,77,738,13,4,159744,0,5275733,164471,436128
968,draft-open,77,738,13,4,159744,0,5275733,164471,436128
969,draft-open,77,738,13,4,159744,0,5275733,164471,436128
970,draft-open,77,738,13,4,159744,0,5275733,164471,436128
971,draft-open,77,738,13,4,159744,0,5275733,164471,436128
972,draft-open,77,738,13,4,159744,0,5275733,164471,436128
973,draft-open,77,738,13,4,159744,0,5275733,164471,436128
974,draft-open,77,738,13,4,159744,0,5275733,164471,436128
975,draft-open,77,738,13,4,159744,0,5275733,164471,436128
976,draft-open,77,738,13,4,159744,0,5275733,164471,436128
977,draft-open,77,738,13,4,159744,0,5275733,164471,436128
978,draft-open,77,738,13,4,159744,0,5275733,164471,436128
979,draft-open,77,738,13,4,159744,0,5275733,164471,436128
980,draft-open,77,738,13,4,159744,0,5275733,164471,436128
981,draft-open,77,738,13,4,159744,0,5275733,164471,436128
982,draft-open,77,738,13,4,159744,0,5275733,164471,436128
983,draft-open,77,738,13,4,159744,0,5275733,164471,436128
984,draft-open,77,738,13,4,159744,0,5275733,164471,436128
985,draft-open,77,738,13,4,159744,0,5275733,164471,436128
986,draft-open,77,738,13,4,159744,0,5275733,164471,436128
987,draft-open,77,738,13,4,159744,0,5275733,164471,436128
988,draft-open,77,738,13,4,159744,0,5275733,164471,436128
989,draft-open,77,738,13,4,159744,0,5275733,164471,436128
990,draft-open,77,738,13,4,159744,0,5275733,164471,436128
991,draft-open,77,738,13,4,159744,0,5275733,164471,436128
992,draft-open,77,738,13,4,159744,0,5275733,164471,436128
993,draft-open,77,738,13,4,159744,0,5275733,164471,436128
994,draft-open,77,738,13,4,159744,0,5275733,164471,436128
995,draft-open,77,738,13,4,159744,0,5275733,164471,436128
996,draft-open,77,738,13,4,159744,0,5275733,164471,436128
997,draft-open,77,738,13,4,159744,0,5275733,164471,436128
998,draft-open,77,738,13,4,159744,0,5275733,164471,436128
999,draft-open,77,738,13,4,159744,0,5275733,164471,436128
1000,draft-open,77,738,13,4,159744,0,5275733,164471,436128
1001,draft-open,77,738,13,4,159744,0,5275733,164471,436128
1002,draft-open,77,738,13,4,159744,0,5275733,164471,436128
1003,draft-open,77,738,13,4,159744,0,5275733,164471,436128
1004,draft-open,77,738,13,4,159744,0,5275733,164471,436128
1005,draft-open,77,738,13,4,159744,0,5275733,164471,436128
1006,draft-open,77,738,13,4,159744,0,5275733,164471,436128
1007,draft-open,77,738,13,4,159744,0,5275733,164471,436128
1008,draft-open,77,738,13,4,159744,0,5275733,164471,436128
1009,draft-open,77,738,13,4,159744,0,5275733,164471,436128
1010,draft-open,77,738,13,4,159744,0,5275733,164471,436128
1011,draft-open,77,738,13,4,159744,0,5275733,164471,436128
1012,draft-open,77,738,13,4,159744,0,5275733,164471,436128
1013,draft-open,77,738,13,4,159744,0,5275733,164471,436128
1014,draft-open,77,738,13,4,159744,0,5275733,164471,436128
1015,draft-open,77,738,13,4,159744,0,5275733,164471,436128
1016,draft-open,77,738,13,4,159744,0,5275733,164471,436128
1017,draft-open,77,738,13,4,159744,0,5275733,164471,436128
1018,draft-open,77,738,13,4,159744,0,5275733,164471,436128
1019,draft-open,77,738,13,4,159744,0,5275733,164471,436128
1020,draft-open,77,738,13,4,159744,0,5275733,164471,436128
1021,draft-open,77,738,13,4,159744,0,5275733,164471,436128
1022,draft-open,77,738,13,4,159744,0,5275733,164471,436128
1023,draft-open,77,738,13,4,159744,0,5275733,164471,436128
1024,draft-open,77,738,13,4,159744,0,5275733,164471,436128
1025,draft-open,77,738,13,4,159744,0,5275733,164471,436128
1026,draft-open,77,738,13,4,159744,0,5275733,164471,436128
1027,draft-open,77,738,13,4,159744,0,5275733,164471,436128
1028,draft-open,77,738,13,4,159744,0,5275733,164471,436128
1029,draft-open,77,738,13,4,159744,0,5275733,164471,436128
1030,draft-open,77,738,13,4,159744,0,5275733,164471,436128
1031,draft-open,77,738,13,4,159744,0,5275733,164471,436128
1032,draft-open,77,738,13,4,159744,0,5275733,164471,436128
1033,draft-open,77,738,13,4,159744,0,5275733,164471,436128
1034,draft-open,77,738,13,4,159744,0,5275733,164471,436128
1035,draft-open,77,738,13,4,159744,0,5275733,164471,436128
1036,draft-open,77,738,13,4,159744,0,5275733,164471,436128
1037,draft-open,77,738,13,4,159744,0,5275733,164471,436128
1038,draft-open,77,738,13,4,159744,0,5275733,164471,436128
1039,draft-open,77,738,13,4,159744,0,5275733,164471,436128
1040,draft-open,77,738,13,4,159744,0,5275733,164471,436128
1041,draft-open,77,738,13,4,159744,0,5275733,164471,436128
1042,draft-open,77,738,13,4,159744,0,5275733,164471,436128
1043,draft-open,77,738,13,4,159744,0,5275733,164471,436128
1044,draft-open,77,738,13,4,159744,0,5275733,164471,436128
1045,draft-open,77,738,13,4,159744,0,5275733,164471,436128
1046,draft-open,77,738,13,4,159744,0,5275733,164471,436128
1047,draft-open,77,738,13,4,159744,0,5275733,164471,436128
1048,draft-open,77,738,13,4,159744,0,5275733,164471,436128
1049,draft-open,77,738,13,4,159744,0,5275733,164471,436128
1050,draft-open,77,738,13,4,159744,0,5275733,164471,436128
1051,draft-open,77,738,13,4,159744,0,5275733,164471,436128
1052,draft-open,77,738,13,4,159744,0,5275733,164471,436128
1053,draft-open,77,738,13,4,159744,0,5275733,164471,436128
1054,draft-open,77,738,13,4,159744,0,5275733,164471,436128
1055,draft-open,77,738,13,4,159744,0,5275733,164471,436128
1056,draft-open,77,738,13,4,159744,0,5275733,164471,436128
1057,draft-open,77,738,13,4,159744,0,5275733,164471,436128
1058,draft-open,77,738,13,4,159744,0,5275733,164471,436128
1059,draft-open,77,738,13,4,159744,0,5275733,164471,436128
1060,draft-open,77,738,13,4,159744,0,5275733,164471,436128
1061,draft-open,77,738,13,4,159744,0,5275733,164471,436128
1062,draft-open,77,738,13,4,159744,0,5275733,164471,436128
1063,draft-open,77,738,13,4,159744,0,5275733,164471,436128
1064,draft-open,77,738,13,4,159744,0,5275733,164471,436128
1065,draft-open,77,738,13,4,159744,0,5275733,164471,436128
1066,draft-open,77,738,13,4,159744,0,5275733,164471,436128
1067,draft-open,77,738,13,4,159744,0,5275733,164471,436128
1068,draft-open,77,738,13,4,159744,0,5275733,164471,436128
1069,draft-open,77,738,13,4,159744,0,5275733,164471,436128
1070,draft-open,77,738,13,4,159744,0,5275733,164471,436128
1071,draft-open,77,738,13,4,159744,0,5275733,164471,436128
1072,draft-open,77,738,13,4,159744,0,5275733,164471,436128
1073,draft-open,77,738,13,4,159744,0,5275733,164471,436128
1074,draft-open,77,738,13,4,159744,0,5275733,164471,436128
1075,draft-open,77,738,13,4,159744,0,5275733,164471,436128
1076,draft-open,77,738,13,4,159744,0,5275733,164471,436128
1077,draft-open,77,738,13,4,159744,0,5275733,164471,436128
1078,draft-open,77,738,13,4,159744,0,5275733,164471,436128
1079,draft-open,77,738,13,4,159744,0,5275733,164471,436128
1080,draft-open,77,738,13,4,159744,0,5275733,164471,436128
1081,draft-open,77,738,13,4,159744,0,5275733,164471,436128
1082,draft-open,77,738,13,4,159744,0,5275733,164471,436128
1083,draft-open,77,738,13,4,159744,0,5275733,164471,436128
1084,draft-open,77,738,13,4,159744,0,5275733,164471,436128
1085,draft-open,77,738,13,4,159744,0,5275733,164471,436128
1086,draft-open,77,738,13,4,159744,0,5275733,164471,436128
1087,draft-open,77,738,13,4,159744,0,5275733,164471,436128
1088,draft-open,77,738,13,4,159744,0,5275733,164471,436128
1089,draft-open,77,738,13,4,159744,0,5275733,164471,436128
1090,draft-open,77,738,13,4,159744,0,5275733,164471,436128
1091,draft-open,77,738,13,4,159744,0,5275733,164471,436128
1092,draft-open,77,738,13,4,159744,0,5275733,164471,436128
1093,draft-open,77,738,13,4,159744,0,5275733,164471,436128
1094,draft-open,77,738,13,4,159744,0,5275733,164471,436128
1095,draft-open,77,738,13,4,159744,0,5275733,164471,436128
1096,,77,738,13,4,159744,0,5275733,164471,436128
1097,,77,738,13,4,159744,0,5275733,164471,436128
1098,,77,738,13,4,159744,0,5275733,164471,436128
1099,,77,738,13,4,159744,0,5275733,164471,436128
1100,,77,738,13,4,159744,0,5275733,164471,436128
1101,,77,738,13,4,159744,0,5275733,164471,436128
1102,,77,738,13,4,159744,0,5275733,164471,436128
1103,,77,738,13,4,159744,0,5275733,164471,436128
1104,,77,738,13,4,159744,0,5275733,164471,436128
1105,,77,738,13,4,159744,0,5275733,164471,436128
1106,,77,738,13,4,159744,0,5275733,164471,436128
1107,,77,738,13,4,159744,0,5275733,164471,436128
1108,,77,738,13,4,159744,0,5275733,164471,436128
1109,,77,738,13,4,159744,0,5275733,164471,436128
1110,,77,738,13,4,159744,0,5275733,164471,436128
1111,,77,738,13,4,159744,0,5275733,164471,436128
1112,,77,738,13,4,159744,0,5275733,164471,436128
1113,,77,738,13,4,159744,0,5275733,164471,436128
1114,,77,738,13,4,159744,0,5275733,164471,436128
1115,,77,738,13,4,159744,0,5275733,164471,436128
1116,,77,738,13,4,159744,0,5275733,164471,436128
1117,,77,738,13,4,159744,0,5275733,164471,436128
1118,,77,738,13,4,159744,0,5275733,164471,436128
1119,,77,738,13,4,159744,0,5275733,164471,436128
1120,,77,738,13,4,159744,0,5275733,164471,436128
1121,,77,738,13,4,159744,0,5275733,164471,436128
1122,,77,738,13,4,159744,0,5275733,164471,436128
1123,,77,738,13,4,159744,0,5275733,164471,436128
