phase,cpu_ns,alloc_bytes,wall_ns,ui_cpu_ns,ui_alloc_bytes
,96054036,7486400,100746389,106119867,14114632
,19922125,300088,21072260,17974275,469744
,11149467,102560,11534876,8693267,72464
,10511757,80168,11307871,5863598,41024
,9207847,81488,12322853,4581649,40880
,10090859,91160,13411246,3965149,40728
,8979438,81800,10758019,4280389,51000
,9609677,83648,20531678,4182969,42720
,13500738,97352,28790695,4690899,43528
,11596797,81696,25811490,6351138,42720
,9354458,82744,12005747,4619991,42720
,8653658,82160,15341797,4133289,43672
,8089449,83120,10469403,4823569,44640
,8501797,82168,14355506,3623659,42944
,8605508,81920,17930713,3529449,42864
,9273757,81680,17857911,4145999,42736
,7416618,84264,12698411,4045497,44400
,8480926,109808,19771452,2749021,42776
,9071998,113464,15807647,3639568,42760
,4695910,82736,7305556,3258049,42736
,5127078,83872,11804972,1728510,42720
,5449069,82784,11146048,2221479,42784
,4759149,82736,10211997,2687120,42808
,5445228,82648,11770931,2149819,42792
,4527238,83032,11079287,2382329,42736
,4851159,83768,11398953,1904970,42720
,4887649,83512,10912983,1860070,42720
,5108138,82840,11867293,2034599,42720
,4638329,83616,11092427,1875309,42720
,4067169,83064,10500944,1872540,42720
,3822489,83808,10450032,1644589,42720
,4678209,84000,10266879,1807063,44016
,3825999,82952,8892630,1972688,42800
,4436970,99016,10400702,1615500,43880
,4070508,82632,9552544,1884880,42944
,3941948,82424,9910201,1522550,42784
,4652179,82784,10781090,1673370,42720
,5497799,82424,9934112,2717119,42720
,3848680,82544,9315029,1839070,42720
,3866748,82424,9818169,1482090,42720
,4694479,82864,10681728,1921949,42720
,5041908,82496,10002694,2514569,43128
,5484449,224080,10825251,1969139,42792
,4669808,93296,9072673,3233179,184344
,3698979,83288,9167036,1571549,42720
,4560639,47856,10894502,1432730,43328
,3938738,46488,8709516,1800269,7016
,3869019,46408,10246398,1185719,6944
,3007950,46440,9205237,1175310,6944
,2935940,61880,7727275,803570,6944
,2777259,46800,6411747,911640,6944
,2641620,46408,6900507,886700,6944
,3082379,47016,7488199,822259,6944
,2796769,47536,6600181,962700,6944
,3093280,46440,7187344,813520,8072
,3093929,46184,6600701,1069929,6720
,3003849,46216,7569131,994770,6720
,3701190,46248,9980163,913270,6720
,3320859,46272,6618831,1334229,6720
,3493549,46408,6990379,1181490,6776
,4201979,46216,8070262,1281349,6720
,2874489,47816,5706242,1114949,8352
,3165979,47376,7486300,996280,7880
,3387650,46184,6020928,1283750,6720
,2758729,46328,6389497,981620,6944
,2551640,61408,6605940,721890,6720
,2295338,46216,6267644,755779,6720
,2227290,46224,6554170,643570,6720
,2148209,46216,6602121,626069,6760
,2487349,46184,6755314,602250,6720
,2243870,46216,6461538,723860,6720
,2155380,46352,7111202,609760,6720
,2580359,46216,7269735,622160,6720
,2456520,46184,6636991,843030,6720
,3194309,53432,7224064,1260349,13616
,2568339,48392,6587361,842140,6720
,3440949,46216,7778376,732080,8928
,3258409,46184,6157571,1124759,6720
,2790039,46216,6129441,782390,6720
,2548920,46184,6234053,790330,6720
,2178309,46488,6184222,657240,6720
,2333750,61576,6623881,609379,6720
,2458679,46328,6642602,738800,6720
,2502940,46352,6559330,869770,6720
,3013320,46752,7331456,765221,6832
,3010809,46408,6366456,1097420,6832
,1934620,46328,6085980,823610,6720
,2336330,46296,7431188,482120,6720
,2345290,47672,6489129,802900,6888
,2840419,46520,7489600,727379,7896
,2425850,46688,6300394,954878,6720
,2096650,46424,6386186,628160,6848
,2058830,46328,6517890,616730,6720
,2704079,46608,7197533,661510,6720
,2206060,46328,6184462,811570,6968
,1917660,46296,6230143,554710,6720
,2045330,46328,6547589,546960,6720
,2616789,61520,7086372,587990,6720
,2165140,46328,5919896,799950,6720
,1841529,46296,6325455,599809,6720
,2073889,47488,6589270,537150,7880
,2072330,46296,6545250,641810,6720
,2390879,46440,6781315,697780,6944
,2321359,46296,6737473,615930,6720
,2112520,46552,6532320,654878,6720
,2398089,46296,6992789,646000,6720
,2591590,46328,6912148,720850,6720
,1973759,46344,6251353,835549,6768
,1750919,46328,6206342,576340,6720
,1773110,46296,5505218,557000,6720
,2465340,46576,6176722,550850,6720
,1682750,46656,4523306,886820,6720
,1696479,46328,5699612,468060,6720
,2016640,61520,5327903,533530,6720
,1558220,46328,4551057,633670,6720
,2419039,46296,5961867,501040,6720
,3560849,46328,5960508,878789,6720
,2728500,46296,4239740,1322850,6720
,1766160,46368,4555047,678620,6720
,1857020,46520,5192501,663470,6760
,1823228,46328,5083418,653841,6720
,2289389,46296,5538319,689290,6720
,3037659,46856,6108570,896780,6776
,2371979,46296,4564967,1055510,6832
,2705207,46328,5746323,694969,6720
,2135500,46296,4620259,1037790,6720
,3704338,46328,8409799,640840,6720
,3341479,46296,3688548,1388960,6720
,2867269,46376,4467466,1026180,6768
,3267649,61520,5747302,814680,6720
,2568410,46576,4288982,1016810,6720
,2333508,46296,5019047,641709,6720
,2800939,46328,5473247,828360,6720
,4522979,46296,7115122,1013710,6720
,2872789,46552,3813181,1345820,6720
,6121868,46552,8513102,891570,6720
,2495580,46328,2494793,1019190,6976
,2194448,47568,4975906,637540,6720
,2248599,46328,5235262,840469,6720
,2092740,46376,5030737,772820,6720
,1866800,46328,4681660,643100,6720
,2018549,46400,5437056,565410,6720
,2283829,46176,5400555,717639,6720
,2256680,46456,5273933,788110,6720
,1851360,46424,4774191,750550,6720
,1613209,61368,5041408,510490,6968
,1448479,47336,4822003,554481,7880
,1719760,46624,5522178,402020,6720
,1459170,46440,4689800,564040,6944
,2214719,46520,6039559,457930,6720
,1825839,46328,4613058,854239,6720
,1749620,46296,5430196,559240,6720
,2053040,46328,5516377,647510,6720
,1762589,46296,4788873,712520,6720
,2203699,46328,5564698,621689,6720
,2272500,46296,5157660,819730,6720
,1647230,46328,4502456,722940,6720
,1669600,46296,5251052,461080,6720
,2024609,46328,5450937,530260,6720
,2407040,48224,5220051,878040,7936
,2559829,46328,5915576,722260,6720
,3710990,61520,7663894,980829,6720
,2674410,46712,4265761,1215611,6720
,1888769,46296,4817273,636440,6720
,2698879,46552,5934026,637749,6720
,4001759,46296,7386178,917870,6720
,2037419,46904,3432953,1191890,6720
,1834399,45792,4936945,604510,6720
,1779430,45824,4972106,581790,6720
,2480779,45832,6530950,626280,6720
,3137640,45824,7654223,1022689,6760
,1919669,45792,4278831,1136351,6720
,1460189,45824,5384515,424851,6720
,1516690,45792,5467977,449800,6720
,2042919,45824,6072439,425350,6720
,2294759,45792,5727982,707699,6720
,1771140,45824,4971267,752970,6720
,1926609,61016,6065689,445360,6720
,2430849,45824,5866835,622759,6720
,2513280,46016,5484297,892750,6720
,2501909,45824,5503327,810850,6720
,1933289,45840,5064619,745610,6768
,2099740,45824,5896695,558220,6720
,1678978,45792,5096399,753760,6720
,1548150,45824,5855685,452979,6720
,1472300,45792,5608790,456550,6720
,1385049,45824,5179190,450360,6720
,1366660,45792,5929567,413720,6720
,1272450,45824,5450696,415570,6720
,1581260,46096,6196132,378320,6720
,2776270,45824,7263715,622920,6720
,2167429,45792,4881374,789570,6720
,1561580,46984,5126470,606740,7880
,1683549,61016,5860785,406380,6720
,2102609,46416,6063299,564590,6944
,1930930,46040,5336484,822230,6720
,1569939,45824,5658981,568280,6968
,1493840,45792,5577179,512969,6720
,1808060,45824,5972727,488810,6720
,1590849,46288,5265992,622610,6720
,2163750,45672,6133921,464690,6720
,1574710,45640,4760832,810480,6720
,1519159,45672,5805914,433700,6720
,1296010,45640,5531408,451400,6720
,1341560,45672,5527048,430230,6720
,1315159,45792,5619679,405020,6720
,1396460,45824,5670341,383890,6720
,1413510,45792,5569939,444750,6720
,1283690,45824,5265952,566470,6720
,2760569,61488,7578872,388030,6720
,1973289,45824,4640169,1160749,6720
,1669150,45792,5524388,533680,6720
,2510999,45824,6637852,546510,6720
,1825900,45880,4620008,1051000,6808
,1786970,45824,6079590,430050,6720
,2174829,45792,5597529,949960,6720
,1674200,45824,5513998,607189,6720
,1325330,45792,5522848,475420,6720
,1241399,45824,5598009,456740,6720
,1242820,45792,5515228,431290,6720
,1632220,45864,6207472,398220,6720
,2456889,45792,6358866,502459,6760
,2229300,45824,5137250,1013430,6720
,2140399,46376,6000127,631720,6720
,2834260,46048,6408167,780160,6720
,3722789,61016,6502819,1079240,6720
,3284608,45824,5322963,1227210,6720
,3274789,45792,6117071,1321270,6720
,3419269,46152,6682153,1103859,6720
,3800889,45792,6440437,1201410,6720
,3361530,45824,5467727,1237280,6720
,3513819,45792,6887977,1240680,6720
,4344200,45824,7416308,1110190,6720
,4014558,45792,5922416,1569279,6720
,2801480,45824,5999448,1598020,6720
,1990369,47048,4969846,770360,7880
,1830980,45824,5577599,604609,6816
,3112009,45904,8210695,685340,6944
,2411560,45824,4920845,1253470,6720
,1971729,46016,5539379,631430,6720
,1773420,45824,5528098,590439,6720
,2947779,61016,6871926,609620,6720
,2772818,45824,5568819,1097399,6720
,2480560,45792,5735592,869260,6720
,2285819,45824,5790594,853560,6720
,3450370,45792,7035730,919859,6720
,3227449,46072,5898376,1138031,6720
,3896580,45792,6837956,1096210,6968
,3850228,45672,6647581,1552679,6720
,3927329,45640,6892288,1327160,6720
,3570659,45672,5767612,1466359,6720
,3541430,45640,6491589,1405140,6720
,2904649,45672,5075448,1048650,6720
,2793750,45640,5681691,1090020,6720
,3017680,46048,6110191,1027750,6720
,3567240,45792,5844344,1583800,6720
,3233239,45824,6021659,1428560,6720
,3184469,61016,6047509,1332699,6720
,2606960,45824,5497797,953460,6720
,2363239,45792,5650911,788670,6720
,2306940,45824,6107700,951200,6720
,1486089,45792,5370255,565350,6720
,1942120,45824,6406266,412339,6720
,2229169,45792,6043059,625070,6720
,2321260,45824,5993988,790129,6720
,3096239,45792,6770185,802420,6720
,3582340,45824,6480878,1316499,6720
,3131939,46464,5814634,1151260,6720
,3152280,45824,6298324,1188669,6720
,2200220,46016,5539639,1011020,6720
,3085939,45824,6934477,732179,6720
,2692660,45832,5606910,1312650,6720
,2151407,45824,5391585,838750,6760
,2279170,61016,6055419,669060,6720
,2153299,45824,5849975,722460,6720
,2151080,45792,6012758,676500,6720
,2831279,45824,7375267,731500,6720
,3479359,47208,6956089,1351300,7880
,2714360,45936,5429356,1111499,6944
,2303110,45792,5385855,916610,6720
,1826409,45824,5533388,597520,6720
,2037760,46096,5612289,565700,6720
,2127729,45824,6090760,503550,6720
,1982889,45792,5604330,750749,6720
,2288840,46048,6223953,497020,6720
,2004478,45792,5490727,897930,6720
,4838649,315448,8644924,562290,6720
,6868799,153016,8719196,637980,6720
board-still,7286048,381624,7491720,4504079,342168
board-still,3209749,60856,4962826,1210519,6720
board-still,2998520,45664,5974998,856640,6720
board-still,2406999,45632,5683101,1042460,6720
board-still,2479810,57224,5723292,789500,6720
board-still,2051390,45632,4929795,1018840,18280
board-still,1884389,45968,5174960,622800,6720
board-still,2623800,45632,6132191,654779,6720
board-still,2678340,45664,5102589,1102350,6720
board-still,1957950,45880,5005597,819630,6720
board-still,1766288,45664,5105449,686650,6968
board-still,2427210,45856,5975757,540470,6720
board-still,2132710,45664,4902815,839860,6720
board-still,2052329,45632,5252462,746330,6720
board-still,2140480,45664,5586399,624950,6720
board-still,2309750,45632,5434446,747910,6720
board-still,2491919,45664,5119419,698720,6720
board-still,2437509,60856,5225562,927319,6720
board-still,2647850,45664,5729132,787880,6720
board-still,3734348,45632,6729003,920480,6720
board-still,3574630,45664,6468578,1101530,6720
board-still,3976388,45632,6892107,988720,6720
board-still,4119149,45664,6862897,1247980,6720
board-still,3562220,45632,6491268,1161659,6720
board-still,3253069,45664,5803594,844080,6720
board-still,2617039,45896,5286433,894550,6720
board-still,3341679,45648,7042330,961800,6720
board-still,3196869,45392,5372235,950559,6720
board-still,3076890,45424,5428816,756690,6720
board-still,2935249,45144,5374344,823770,6720
board-still,2361789,44928,5092879,724080,6720
board-still,3088770,44952,7021440,819720,6720
board-still,2079998,46088,4177379,1320979,7936
board-still,1877150,60232,5644540,437180,6944
board-still,1479960,44968,4685970,680840,6720
board-still,1717869,44896,6422617,314910,6760
board-still,1310689,44928,5038268,627390,6720
board-still,1192460,45200,5260052,272280,6720
board-still,1487440,46048,5616980,386660,6720
board-still,1275779,44896,5102289,426389,7840
board-still,1298410,44928,5122719,391910,6720
board-still,1610440,45376,5530578,346480,6720
board-still,1158460,44928,4726181,533110,6720
board-still,1317519,44896,5566308,271120,6720
board-still,1257330,44928,5077709,382650,6720
board-still,1262870,44896,5327733,303180,6720
board-still,1695279,44776,5750703,392610,6720
board-still,2339930,47808,6039439,534960,6720
board-still,1334190,44776,4264621,723650,6720
board-still,2038469,59968,6220293,303460,6720
board-still,1430550,44776,4562387,654639,6720
board-still,2422030,44744,6529149,334610,6720
board-still,2584859,44928,5346954,856180,6720
board-still,1713829,44896,4511297,833830,6720
board-still,1251040,44928,5293183,399350,6720
board-still,1592280,44896,5368894,409600,6720
board-still,1267360,45152,4977706,438380,6720
board-still,1457889,44744,5603360,326860,6720
board-still,1117320,44776,4822693,397380,6720
board-still,1288190,44744,5610519,275290,6720
board-still,1431408,45024,5175561,487169,6720
board-still,1190440,44744,5282353,291580,6968
board-still,1487760,44776,5583599,356640,6720
board-still,1512390,44896,5195840,433220,6720
board-still,1434678,44928,5165131,498399,6720
board-still,1530780,60120,5466566,406160,6720
board-still,1267400,44928,4941986,484020,6720
board-still,1298629,44896,5517197,351200,6720
board-still,1591960,44928,5624860,359579,6720
board-still,1620340,44896,5231832,520620,6720
board-still,1942139,45296,5543878,552310,6720
board-still,1905530,45120,5168051,505750,6720
board-still,1446140,45000,4908474,583010,6720
board-still,1387550,44896,5756803,304420,6720
board-still,1483809,45232,5350894,482380,6720
board-still,1284200,44896,5270393,319110,6720
board-still,1233240,44928,5216091,356980,6720
board-still,1220529,44744,5207401,343860,6720
board-still,1394730,44776,5373295,345140,6720
board-still,1408220,44744,5087478,450510,6720
board-still,1613850,46048,5507068,481660,8104
board-still,1935119,60352,5563878,506420,6720
board-still,1466200,44776,4738411,511850,6720
board-still,1595950,44896,5623480,314280,6720
board-still,2157639,45064,5675092,676490,6720
board-still,1893400,44936,5117959,641139,6856
board-still,1365100,45624,4516266,599550,6760
board-still,1518300,44896,5165800,314590,6720
board-still,1533098,44928,5283883,467830,6720
board-still,2624100,45200,6538959,658308,6720
board-still,1816840,44928,4814443,995300,6720
board-still,2231579,44896,6089400,527780,6720
board-still,2095760,45152,5369465,794390,6720
board-still,1849080,44896,5704991,848480,6720
board-still,2387949,44928,7599172,509820,6720
board-still,2407799,44896,6096971,568410,6720
board-still,1886330,44928,5095868,1035510,6720
board-still,2472140,60120,6621031,483950,6720
board-still,2524639,44928,5995948,726879,6720
board-still,1739430,44896,5255222,795290,6720
board-still,1311529,44928,5337314,419180,6720
board-still,1551350,45120,5674501,317340,6720
board-still,1299770,44928,5077999,406680,6720
board-still,1671180,44896,5378424,321880,6720
board-still,2557970,44928,8535303,523290,6720
board-still,1820768,44896,4671199,792939,6720
board-still,1934260,44928,5945247,448490,6720
board-still,2195069,45200,7034630,616660,6720
board-still,1545030,44928,4891694,783220,6720
board-still,1271800,44896,5199871,351320,6720
board-still,1788439,44928,6437728,332660,6720
board-still,1995370,45144,6158211,651560,6720
board-still,2852389,44928,7187843,718730,6968
board-still,3218309,60120,6368676,903060,6720
board-still,2445550,45184,5625590,717459,6720
board-still,3907219,44896,8628534,822970,6720
board-still,3039490,45152,5434626,1032950,6720
board-still,2520098,44896,5815784,753850,6720
board-still,2653970,45208,6343946,962710,6720
board-still,2608539,44896,7052130,947470,7000
board-still,2417719,44928,6109210,912740,6720
board-still,2150210,45200,5953067,655449,6720
board-still,2048960,44928,6178792,655540,6720
board-still,2429240,46168,6688363,742079,8104
board-still,2108949,45312,5989118,846700,6720
board-still,2568230,44896,6835926,623220,6720
board-still,2231300,44928,6734433,937790,6720
board-still,1776650,44896,5961787,496120,6720
board-still,2205329,44928,6998420,621790,6720
board-still,1744920,60120,6373856,722960,6720
board-still,2020210,44928,7293905,489349,6720
board-still,1841719,45120,6159042,768680,6720
board-still,1993050,44928,6532319,524280,6720
board-still,1435229,44896,5191381,695020,6720
board-still,2749960,45080,7496900,323621,6872
board-still,1944929,44896,5322393,936241,6720
board-still,2421650,44968,6990129,479710,6720
board-still,2385829,44896,6077180,1067110,6760
board-still,1756930,44928,5614350,764370,6720
board-still,2579769,44896,7001049,470250,6720
board-still,2204850,44928,5653241,1122700,6720
board-still,1701289,44896,5788713,664910,6720
board-still,1648300,44928,7026110,448009,6720
board-still,2087140,44992,8319658,429040,6720
board-still,2087170,44928,7828667,656810,6720
board-still,1779780,60376,7066400,526630,6720
board-still,1608359,45152,7125423,418430,6720
board-still,1701259,44896,7740845,462190,6720
board-still,1719530,44928,7195223,452869,6720
board-still,1732160,44896,7449709,405430,6720
board-still,1608689,44928,6815265,465170,6720
board-still,1536070,44896,7054181,438620,6720
board-still,2137969,44928,7945009,349951,6720
board-still,2319590,44896,7367028,625640,6720
board-still,1740639,44928,6123950,623130,6720
board-still,1619740,44896,6730164,422580,6720
board-still,1660630,44928,6823135,401140,6720
board-still,2166159,45168,7331327,441120,6720
board-still,2997040,44984,14965819,820430,6720
board-still,1710649,46168,1710987,735130,8104
board-still,2540539,44928,7705654,410020,6720
board-still,2899360,60344,7461509,817620,6720
board-still,2482100,44968,6799765,736469,6720
board-still,2507079,45200,7383248,748460,6760
board-still,2373679,44928,6873826,810710,6720
board-still,1749640,44896,6995230,655799,6720
board-still,1600980,44928,7157752,355250,6720
board-still,1844229,44896,7491050,398320,6720
board-still,2371919,44928,7559191,696390,6720
board-still,2955020,45000,7573512,564520,6720
board-still,2491279,44928,6496099,833740,6720
board-still,1996279,44896,6596920,586860,6720
board-still,1779360,44928,6740884,500180,6720
board-still,2138570,44896,7046250,411060,6720
board-still,1910730,44928,6198113,632830,6720
board-still,1789200,44896,6799355,432858,6720
board-still,1784219,45152,6689732,476210,6720
board-still,1942320,60120,6881807,450810,6720
board-still,2480489,44928,6961119,561760,6720
board-still,1978600,44896,6279563,732380,6720
board-still,2474339,44928,8323298,449800,6720
board-still,2301429,44896,6635072,644859,6720
board-still,2337579,44928,6784765,719260,6720
board-still,2605129,44896,7525420,733000,6720
board-still,2794070,44928,7747475,714279,6720
board-still,2294529,44896,7172673,701640,6720
board-still,2368639,44776,7238895,579010,6720
board-still,2123729,45088,6750554,678290,6720
board-still,2113280,44776,6820095,545599,6760
board-still,1768819,44744,6313765,581780,6720
board-still,2104150,44776,7104581,420880,6720
board-still,1835948,44968,8242686,650469,6720
board-still,1447410,44928,6344106,471879,6720
board-still,1521679,60504,6652102,381340,6720
board-still,1407860,44928,6820585,358320,6720
board-still,1467020,44896,6604681,367470,6720
board-still,1884169,46504,7133402,426610,8104
board-still,2417210,45200,6932148,605390,6720
board-still,2478170,44928,7347757,715240,6720
board-still,1921299,44896,5776423,620920,6720
board-still,2232320,44928,7138442,409779,6720
board-still,2164469,44896,6562620,602300,6720
board-still,2191580,44928,6532890,722720,6720
board-still,2318789,44896,7013599,544450,6720
board-still,2062969,44928,6392107,607420,6720
board-still,2112420,45032,6383836,589679,6720
board-still,2445819,45152,6962368,565010,6720
board-still,2618309,44896,6758154,654730,6720
board-still,2652080,44928,6669273,706089,6720
board-still,2499659,60120,6924038,806500,6720
board-still,1789440,44928,6291334,515720,6720
board-still,1771560,44896,6693033,455970,6720
board-still,1975419,44928,6740583,488750,6720
board-still,2594310,44936,7318297,524650,6720
board-still,2501278,44928,6525659,765799,6760
board-still,2628239,44896,6993089,660330,6720
board-still,3045460,45184,7139312,674500,6720
board-still,3039888,44896,6529609,1110971,6720
board-still,2917209,44928,6879517,867800,6720
board-still,2651100,44896,6653672,911239,6720
board-still,2926379,45072,7046661,776600,6720
board-still,2876429,45184,6901167,799660,6720
board-still,3736209,44928,8926200,777820,6720
board-still,3206490,45016,6518319,904020,6720
board-still,3105180,44928,8142814,548340,6720
board-still,2379520,60120,6572220,677930,6720
board-still,1701209,44928,7034530,447790,6720
board-still,1544850,44896,7272875,405459,6720
board-still,2039770,45224,7850588,488620,6720
board-still,2190829,44896,6842096,746290,7016
board-still,1527220,44928,5992068,633660,6720
board-still,1592250,44896,6765654,368870,6720
board-still,1560249,44928,6388276,447060,6720
board-still,1724830,47296,6534140,570179,8104
board-still,1770319,44928,6823545,482750,6720
board-still,1666460,44896,6891267,463740,6720
board-still,1506159,45152,6438798,479221,6720
board-still,1518559,44896,6516639,390480,6720
board-still,1566490,45176,6665162,416840,6720
board-still,1585069,45440,6534759,500490,7512
board-still,1413410,44928,6581371,426040,6720
board-still,1483830,60120,6629161,379630,6720
board-still,1389209,44928,6441228,333940,6720
board-still,1449930,44896,6968508,430810,6720
board-still,1498140,44928,7174883,356560,6720
board-still,2000719,44896,7230194,416050,6720
board-still,2145010,44928,7157943,603790,6720
board-still,1567559,44896,6086020,570009,6720
board-still,1481059,44872,6599001,359210,6720
board-still,3355029,44744,10471223,471020,6816
board-still,5172759,44776,8578913,1466610,6720
board-still,4021670,44968,8725516,1375380,6720
board-still,4048269,44776,11545277,1598460,6720
board-still,2314689,44744,7228314,1072450,6720
board-still,2106629,44928,7789256,503320,6720
board-still,2509499,45280,9011862,640130,6720
board-still,2130969,45560,8075652,765860,6720
board-still,2249189,60120,8106253,543930,7112
board-still,1966790,44928,7112082,545180,6720
board-still,1906639,44896,7208084,523029,6720
board-still,2139480,44928,7348287,519540,6720
board-still,2280529,44896,6880016,623120,6720
board-still,2037820,44928,6232514,660310,6720
board-still,2288549,44896,7149502,517760,6720
board-still,2375719,44968,6833236,821720,6720
board-still,2043910,44744,6543039,564120,6760
board-still,2135369,45000,6841326,591670,6720
board-still,2140740,45048,6467108,630910,6720
board-still,2175097,46048,6481719,632531,8104
board-still,2046639,44744,6601750,548160,6720
board-still,2023990,44776,6527630,536330,6720
board-still,1971009,44896,6389086,604510,6720
board-still,2027300,44928,6817196,549390,6720
board-still,2522540,60120,7306215,673920,6720
board-still,2191489,44928,6473838,728140,6720
board-still,2082820,44896,6433008,615360,6720
board-still,2270889,44928,6828665,558480,6720
board-still,2107370,44896,6399297,669800,6720
board-still,2066660,44928,6697473,574250,6720
board-still,1995959,44896,6503879,549240,6720
board-still,2790280,44928,7556521,513769,6720
board-still,2182710,45288,6581120,899390,6720
board-still,1953129,44928,6656612,547490,6720
board-still,2002000,44896,7225694,514390,6720
board-still,2213270,44928,6709703,603789,6720
board-still,2392229,46888,7073391,653060,6720
board-still,2198220,44928,6827736,636220,6720
board-still,1988819,44896,6618511,516100,6720
board-still,2089509,44928,6876197,573690,6720
board-still,2530570,60368,7525110,597129,6720
board-still,2217869,44928,6799665,679888,6968
board-still,1887419,44896,7050281,525870,6720
board-still,1830100,44928,6524389,485510,6720
board-still,1876399,44896,6630431,470930,6720
board-still,1859269,44928,6813736,511980,6720
board-still,2134760,44896,7144212,557350,6720
board-still,1971000,45152,6822226,519850,6720
board-still,2037749,44944,6791495,543700,6720
board-still,2069650,44928,6768284,620050,6768
,5268049,248008,7095281,3710899,209744
,2045689,45488,6666813,504480,6720
,1883320,44896,6621401,497740,6720
,1887559,44928,6690173,493970,6720
,2002910,44896,6763764,492630,6720
,2118089,44920,7015549,530760,6720
,2274210,61384,7020210,554830,8104
,2133629,44920,7420779,513540,6720
,2115779,45192,7347186,557440,6720
,2331830,45480,7550931,604660,6720
,2643488,83896,6253954,1090350,45728
,1977020,44920,6009098,541340,6720
,1896149,45112,6022869,506700,6720
,1864420,44920,5936446,501680,6720
,1928669,44888,6447998,460310,6720
,2029160,44960,5891305,524700,6720
,1990689,44888,5574209,576570,6760
,1885999,44920,5772613,500619,6720
,1949400,45272,5805584,498620,6720
,2186009,45224,6139401,503690,6720
,2043770,44888,5913786,531140,6720
,57031107,4684312,62687508,488740,6720
draft-dealing,15675077,437120,16009461,1712900,14552
draft-dealing,76757772,3803664,79213730,73561872,3581952
draft-dealing,10371678,395920,10691518,6573429,156824
draft-dealing,9269298,402480,9400831,5690648,162936
draft-dealing,9766709,401344,10009833,5380420,161992
draft-dealing,8784021,402352,9041253,6120951,162600
draft-dealing,7649678,402592,7663554,4670518,161720
draft-dealing,8700928,401104,8784617,5041388,161600
draft-dealing,9377777,401232,9497813,6077407,161888
draft-dealing,8534808,397624,8536152,5103989,157744
draft-dealing,8677108,397624,8835118,5920140,157952
draft-dealing,7488858,359648,7698355,5196039,158200
draft-dealing,5971317,300216,6319724,4811838,132104
draft-dealing,5581679,300376,7317867,2892940,81800
draft-dealing,4938919,300168,5132709,2428880,81592
draft-dealing,4155310,280168,6278494,1807390,61592
draft-dealing,4949108,280168,7139122,1990709,61592
draft-dealing,4735147,280384,6646912,2231199,61808
draft-dealing,6659699,280216,9488183,2737900,61640
draft-dealing,4734509,280216,6437317,2216860,61640
draft-dealing,4653109,280392,6976279,2206570,61592
draft-dealing,4148498,280216,5715252,2027289,61640
draft-dealing,3997730,280216,6365155,1854000,61640
draft-dealing,4212228,280120,6494819,2084149,61544
draft-dealing,3993570,280216,6523329,1762500,61640
draft-dealing,4368848,280344,6555010,1993209,61592
draft-dealing,6673439,405016,6673532,4531119,186296
draft-dealing,4460208,286320,6701503,1950659,67280
draft-dealing,4814048,271592,6689313,2253969,52872
draft-dealing,4471070,249552,6319235,1781730,30832
draft-dealing,4745998,249552,7067931,1689479,30832
draft-dealing,4722888,250096,6650211,1854080,31376
draft-dealing,4338630,249552,6228383,1610770,30832
draft-dealing,4038119,249552,5788424,1602300,30832
draft-dealing,4081288,249776,6399286,1685170,31056
draft-dealing,5191089,250360,7725925,1861209,31080
draft-dealing,5070048,271496,6634192,2598599,52776
draft-dealing,3960099,252696,5834974,1688640,33544
draft-dealing,3814109,250992,6329615,1514750,32120
draft-dealing,3866039,259168,6363146,1573460,40448
draft-dealing,4118828,259104,6368326,1916400,40384
draft-dealing,3569959,259664,5758533,1625330,40944
draft-dealing,4416629,259208,7570271,1594150,40336
draft-dealing,4029390,273336,5568489,1944050,54504
draft-dealing,4172837,273224,6494388,1956158,54504
draft-dealing,3906900,273176,6141671,1806070,54456
draft-dealing,4376428,274112,7036021,1842409,55328
draft-dealing,4923749,274544,7330946,2021830,55824
draft-dealing,4656840,273568,6962368,1949050,54616
draft-dealing,3960458,273200,5740443,2003899,54504
draft-dealing,4443730,273376,6842226,2495250,54456
draft-dealing,3784209,273200,6611861,1819360,54504
draft-dealing,5649888,311888,7377317,3340919,93192
draft-dealing,3922810,266888,6148071,1887110,48056
draft-dealing,4493869,266752,7704875,1670309,48056
draft-dealing,4674128,266928,6945048,2175679,48232
draft-dealing,5405508,276016,7355057,2893079,57320
draft-dealing,4653010,266352,6229183,2474110,47656
draft-dealing,4854578,266304,7354257,2445419,47608
draft-dealing,5875788,269056,7822227,3212349,50360
draft-dealing,6133648,266448,8646604,3170659,47752
draft-dealing,4962259,262808,5902346,2768949,44112
draft-dealing,4377019,259224,8064762,1834379,40528
draft-dealing,4981048,254496,7218234,2143849,35800
draft-dealing,4667118,251728,6364296,2160039,33032
draft-dealing,4226060,251952,6768354,2414349,33032
draft-dealing,3017318,251200,6018348,1780349,32504
draft-dealing,2929910,243832,7632934,963820,25136
draft-dealing,3427719,246072,7661413,1669750,25136
draft-dealing,3391250,258904,6040659,1959150,40208
draft-dealing,2726470,247752,6057499,1298840,29056
draft-dealing,3959760,247752,7892808,1543410,29056
draft-dealing,3876958,247752,6246424,2014339,29056
draft-dealing,3382329,247752,7665403,1497290,29056
draft-dealing,3557320,248856,7161023,1633270,30272
draft-dealing,3405749,247752,7496310,1708779,29056
draft-dealing,3413268,247752,7292175,1502390,29056
draft-dealing,3819689,248072,7146683,1730490,29376
draft-dealing,4150869,247752,7892438,2150070,29056
draft-dealing,2908600,247752,7637053,1486389,29056
draft-dealing,3557179,247976,8294717,1482869,29056
draft-dealing,2970269,247736,5892736,1555559,29040
draft-dealing,2811201,247736,6570190,1267021,29040
draft-dealing,3788479,247736,7947040,1295929,29040
draft-dealing,4289648,247736,7449158,1806429,29040
draft-dealing,4541218,247776,7482110,1844479,29040
draft-dealing,4054689,247736,6802395,1901230,29080
draft-dealing,4506960,250360,7316866,2123200,31664
draft-dealing,4585689,239944,8347628,1883549,21248
draft-dealing,3492459,241728,6741924,1610299,21024
draft-dealing,3320888,254448,6220093,1864389,35752
draft-dealing,2455850,251680,6301004,1188639,32984
draft-dealing,2600899,251680,7422489,1104740,32984
draft-dealing,3618490,251680,8894159,2006320,32984
draft-dealing,2819590,251680,5949717,1531490,32984
draft-dealing,2485979,251904,6433798,1068189,32984
draft-dealing,2998559,251680,6670792,1211360,32984
draft-dealing,4187940,256904,7178363,1937720,32984
draft-dealing,3906028,250000,6259434,1884829,31304
draft-dealing,3816509,249904,6672792,1930290,31208
draft-dealing,2350550,249680,6207882,1410151,30984
draft-dealing,1681979,249664,6641602,597150,30968
draft-dealing,1868770,249664,7051550,707120,30968
draft-dealing,2136809,249664,7502930,996640,30968
draft-dealing,1730019,249664,6511939,798680,30968
draft-dealing,1689530,249664,6424977,840830,30968
draft-dealing,1968790,249664,15594063,724790,30968
draft-dealing,2451869,249664,2451302,1158740,30968
draft-dealing,1689190,251776,5660181,852900,33080
draft-dealing,1310670,243640,5921517,473670,22952
draft-dealing,1300159,254856,5389384,662719,36048
draft-dealing,1546920,253728,5849075,584320,35032
draft-dealing,1895799,253480,6226663,831970,34784
draft-dealing,2307390,255192,6493598,1044700,36496
draft-dealing,2175488,253544,5825755,1194109,34848
draft-dealing,1790240,253480,5971907,843560,34784
draft-dealing,2766219,253480,6742774,996640,34784
draft-dealing,2978160,253480,5266143,1771110,34784
draft-dealing,1920470,251576,5748922,943460,32880
draft-dealing,2019709,251480,6317015,797520,32784
draft-dealing,2429730,253264,5851305,1239260,32872
draft-dealing,2413168,251480,5947557,1202469,32784
draft-dealing,2539720,251464,6226812,1216170,32768
draft-dealing,2754649,251464,6864877,1049289,32768
draft-dealing,2956310,251464,6150061,1309040,32768
draft-dealing,3549116,251688,6741004,1305750,32768
draft-dealing,4938590,251464,8741626,2118669,32768
draft-dealing,3356618,251464,5818444,1807269,32768
draft-dealing,3259060,252104,6409037,1673349,33408
draft-dealing,3252969,243576,6484499,1645140,24880
draft-dealing,4132140,243576,7424388,1379670,24880
draft-dealing,3786079,243576,6828035,1820929,24880
draft-dealing,3014289,243576,6976189,1132570,24880
draft-dealing,3179619,243576,7066501,1373600,24880
draft-dealing,2886220,243576,6277864,1362339,24880
draft-dealing,4063998,243576,7723735,1614189,24880
draft-dealing,7076188,315496,8094093,5010249,96760
draft-dealing,3738860,272880,4395883,2174350,54224
draft-dealing,2909040,272648,5883176,1616720,53952
draft-dealing,2644290,270744,5920796,1429539,52048
draft-dealing,2396740,270880,5740873,1263090,51960
draft-dealing,2399458,271024,5530518,1182910,51960
draft-dealing,2085200,270656,5487057,1091308,51960
draft-dealing,1934480,270656,5968017,942210,51960
draft-dealing,1972958,270656,5556469,959120,51960
draft-dealing,2191830,270656,5923446,1032760,51960
draft-dealing,2191150,270656,5905336,914660,51960
draft-dealing,4687128,360840,7995930,1108200,51960
draft-dealing,32573503,5319736,32894322,30802082,5100304
draft-dealing,6848728,363552,7377418,5376838,144352
draft-dealing,4721019,316904,5042737,3239799,97704
draft-dealing,4062369,317000,6226183,2704240,97800
draft-dealing,3999918,316904,6922058,2673079,97704
draft-dealing,3963810,316936,6596480,2578980,97736
draft-dealing,4649899,316904,9262718,2537519,97704
draft-dealing,5304479,319896,7329426,3592339,100472
draft-dealing,4641939,315920,7638163,2926129,96720
draft-dealing,4846349,315824,7738515,2989949,96720
draft-dealing,5929517,315840,7888949,4081469,96736
draft-dealing,5408128,324152,8141843,3152339,96720
draft-dealing,5684939,304136,7594202,3730639,85128
draft-dealing,4124080,276024,7309236,2630200,57536
draft-dealing,2777219,231048,7217474,1246939,12152
draft-dealing,3013959,231056,7520361,1164709,12152
draft-dealing,2694990,231056,6298474,1253850,12152
draft-dealing,2537189,231176,6571530,999860,12152
draft-dealing,2792030,231056,7063931,1046720,12152
draft-dealing,2551620,231024,6528789,1001240,12152
draft-dealing,2481049,230992,6443308,1022849,12152
draft-dealing,3028089,230992,6085079,1565910,12152
draft-dealing,4532760,231352,8125574,1097850,12152
draft-dealing,2247809,230928,3558866,1095389,12152
draft-dealing,1773240,230896,6073929,720510,12152
draft-dealing,2531950,230896,6780235,829040,12152
draft-dealing,2782029,230896,6119850,1218219,12152
draft-dealing,2678330,230896,6266294,1067650,12152
draft-dealing,2800889,230896,6171182,1464129,12152
draft-dealing,1909820,230896,6529919,788080,12152
draft-dealing,1809459,230896,5854265,752950,12152
draft-dealing,1856680,230896,6591251,777540,12152
draft-dealing,1873509,230896,5717472,905429,12152
,2842700,347712,6308834,1914600,128968
,1156059,230896,5926707,535700,12152
,1307350,230896,5891255,537030,12152
,1254769,230896,6058900,590830,12152
,2507190,276616,7024519,454710,12152
,5424127,282400,10902713,779869,14608
draft-open,2722150,233728,3900733,1152710,15120
draft-open,1348039,230896,6269134,526310,12152
draft-open,1142030,231120,5958017,457090,12376
draft-open,1248509,230968,6699333,397340,12152
draft-open,1272290,230896,7192863,494910,12152
draft-open,2040090,231440,7483830,572049,12152
draft-open,1589490,230896,6540700,641650,12152
draft-open,1419600,230896,6604231,455410,12152
draft-open,1757319,230896,6606111,572939,12152
draft-open,1652479,230896,6675072,613880,12152
draft-open,1665100,230896,6380066,549630,12152
draft-open,1659289,230896,6256534,515910,12152
draft-open,1492970,230896,5994657,499710,12152
draft-open,2141189,231120,6915918,566780,12152
draft-open,2234720,230896,6201092,721130,12152
draft-open,2526619,230896,6843366,661700,12152
draft-open,2338400,230896,6163982,779660,12152
draft-open,2154298,230800,5876855,679329,12152
draft-open,2031340,230672,6492608,614350,12152
draft-open,2201687,230672,6006879,746310,12152
draft-open,2029540,230672,6697863,610260,12152
draft-open,2060979,230672,6669322,636680,12152
draft-open,2424119,230672,7205594,682120,12152
draft-open,2286550,230672,6775444,732660,12152
draft-open,2439819,230672,6808865,744280,12152
draft-open,2214129,230672,6290015,656330,12152
draft-open,2296320,230672,6451787,833880,12152
draft-open,2255509,230672,6684723,613370,12152
draft-open,2504940,230896,7204603,917330,12152
draft-open,2847429,230672,6902748,1061930,12152
draft-open,2285709,230672,6256203,706450,12152
draft-open,2055820,230672,5447826,696270,12152
draft-open,2035309,230672,6373646,587750,12152
draft-open,1962800,230672,5828725,648230,12152
draft-open,2029629,230672,6227883,633430,12152
draft-open,2165810,230672,6295884,707190,12152
draft-open,2123229,230672,6332955,626320,12152
draft-open,2070990,230672,6264634,610611,12152
draft-open,2258890,233304,5623220,868990,14608
draft-open,2067619,230672,6596740,587889,12328
draft-open,2563839,231032,6534080,917680,12512
draft-open,2444090,230672,6327765,840450,12152
draft-open,2459439,230672,6271323,817620,12152
draft-open,2358220,230896,6200823,965070,12152
draft-open,2352798,230672,6951478,608460,12152
draft-open,2485060,230672,5652091,972030,12152
draft-open,2051330,230672,6506969,677060,12152
draft-open,2398770,230672,6266943,861250,12152
draft-open,2150470,230672,7420488,600650,12152
draft-open,2185299,230672,7195964,732200,12152
draft-open,2079299,230672,7605342,647130,12152
draft-open,1942139,230672,7422109,589130,12152
draft-open,2079280,230672,6936498,623030,12152
draft-open,2224110,230672,7431458,720050,12152
draft-open,2067928,230720,6978049,675300,12152
draft-open,2151899,230672,7498000,570790,12152
draft-open,2156830,230672,7660003,593631,12152
draft-open,2021909,230672,7333967,618710,12152
draft-open,2126089,230896,7733535,568890,12152
draft-open,2050219,230672,6678962,587920,12152
draft-open,2165160,230672,7582942,616030,12152
draft-open,2009089,230672,6966939,643949,12152
draft-open,2022760,230672,7669763,609890,12152
draft-open,2177789,230672,7305526,785460,12152
draft-open,2020989,230672,7555451,604000,12152
draft-open,2437629,230672,8369619,603640,12152
draft-open,2121580,231016,6774064,631890,12152
draft-open,2446740,232936,7840848,666660,12152
draft-open,2235800,230672,7054310,615260,12152
draft-open,2184529,230672,7451939,592550,12152
draft-open,2407319,230672,8022841,741000,12152
draft-open,1985130,230672,7603332,609140,12152
draft-open,2095820,230672,7481160,693190,12152
draft-open,2220089,230896,6444397,697120,12152
draft-open,2304269,233264,7512401,780250,14608
draft-open,2286190,231032,7003159,682350,12648
draft-open,2156519,230672,6549520,665900,12152
draft-open,2406529,230672,7212074,623680,12152
draft-open,3133920,230672,10630307,919790,12152
draft-open,2637520,230672,7513280,734230,12152
draft-open,2735799,230672,6535329,1010990,12152
draft-open,2282720,230672,7066161,725200,12152
draft-open,2394509,230672,7378157,854310,12152
draft-open,2045599,230672,6609561,645570,12152
draft-open,1908980,230672,6097461,597280,12152
draft-open,1927609,230672,6418696,612440,12152
draft-open,1941690,230672,6416717,577270,12152
draft-open,1910358,230672,5842415,599440,12152
draft-open,2092139,230896,7998331,656140,12152
draft-open,2317510,230672,6262673,849220,12152
draft-open,2050409,230672,6555310,712620,12152
draft-open,1805840,230672,6129291,540090,12152
draft-open,1918179,230672,6317454,603740,12152
draft-open,1966240,230672,6447088,660510,12152
draft-open,1943819,230672,5904906,629179,12152
draft-open,1906300,230672,6413147,679270,12152
draft-open,1890127,230672,5947607,567479,12152
draft-open,2010930,230672,6677332,516830,12152
draft-open,2232250,230672,6526789,650490,12152
draft-open,2202879,230672,6344176,582200,12152
draft-open,1953850,230672,5890705,565818,12152
draft-open,2164180,230672,5801464,640390,12152
draft-open,2288958,230672,6782215,587030,12152
draft-open,2304360,230896,6067319,757490,12152
draft-open,2120159,230672,6649592,597659,12152
draft-open,2060199,230672,6398007,563770,12152
draft-open,2017830,230672,6877906,588170,12152
draft-open,2241959,230728,7006370,605440,12152
draft-open,1923800,230672,5963557,635390,12152
draft-open,1736020,230672,6272164,525650,12152
draft-open,1823049,230672,6517739,520660,12152
draft-open,2204770,230672,10000893,606249,12152
draft-open,2214920,233264,4024536,840810,14608
draft-open,2172169,231032,6920498,623760,12648
draft-open,2272720,230672,6759414,685661,12152
draft-open,2047699,230672,5903096,606890,12152
draft-open,2084100,230672,6750804,543790,12152
draft-open,2331748,230792,6085970,768240,12152
draft-open,2169770,230896,6787635,590040,12152
draft-open,2163269,230672,6484968,647839,12152
draft-open,1835930,230672,6613441,552840,12152
draft-open,1975089,230672,6954198,586581,12152
draft-open,2446990,230672,7206254,756310,12152
draft-open,2197049,230672,7006830,584610,12152
draft-open,2253010,230672,6169851,665090,12152
draft-open,2254080,230800,6998430,592450,12152
draft-open,2293169,230672,6939317,653380,12152
draft-open,2245410,230672,6907248,607660,12152
draft-open,2180779,230672,6557870,607400,12152
draft-open,2420160,230672,6122830,716660,12152
draft-open,1649609,230672,5846085,481010,12152
draft-open,1798790,230672,5899376,563450,12152
draft-open,1705409,230672,6272754,476650,12152
draft-open,2061000,230896,6530319,578630,12152
draft-open,2086500,230672,6676862,596040,12152
draft-open,2077530,230672,6713334,582460,12152
draft-open,2397678,230672,5957707,868629,12152
draft-open,2297039,230672,7606512,525520,12152
draft-open,2575750,230672,6711193,771890,12152
draft-open,2317870,230672,6867967,677509,12152
draft-open,2413579,230672,6732264,691020,12152
draft-open,2176390,230672,7251564,633630,12152
draft-open,2071499,230672,7303916,563720,12152
draft-open,2306029,230672,6576590,650950,12152
draft-open,2458669,230672,7002320,727690,12152
draft-open,2204100,230672,6365735,687381,12152
draft-open,1752919,230672,6193183,528480,12152
draft-open,1879110,230672,6566210,614079,12152
draft-open,1870829,230896,6448057,510530,12152
draft-open,1887720,230672,7141963,500340,12152
draft-open,1769240,230672,5528498,607009,12152
draft-open,2377490,233624,7122131,591790,14968
draft-open,2167758,230672,5643181,883589,12288
draft-open,1973580,230672,6548400,516820,12152
draft-open,2016429,230672,6322174,643699,12152
draft-open,1883210,230672,6575911,552760,12152
draft-open,1730649,230672,6569230,493639,12152
draft-open,1798480,230672,6795215,558130,12152
draft-open,1844090,230672,6642311,497290,12152
draft-open,1767459,230672,5949127,494400,12152
draft-open,1740970,230672,6198573,501300,12152
draft-open,1773220,231008,6182132,480860,12152
draft-open,1738630,230752,6301684,460060,12152
draft-open,2051469,230976,6603411,498019,12152
draft-open,2343350,230752,5859035,834870,12152
draft-open,2026660,230752,6634341,528900,12152
draft-open,2147500,230752,6048219,595700,12152
draft-open,2137019,230752,6649732,638279,12152
draft-open,2364519,230752,6808485,524930,12152
draft-open,2200290,230752,6729144,574330,12152
draft-open,1887289,230752,6344375,550130,12152
draft-open,1931630,230752,6006368,538780,12152
draft-open,1814079,230752,6348736,513220,12152
draft-open,1828040,230752,6472978,490440,12152
draft-open,1903850,230752,6533750,513409,12152
draft-open,1860360,230752,6125910,593160,12152
draft-open,1851889,230752,6748304,500350,12152
draft-open,1821779,230752,6388996,540740,12152
draft-open,1909850,230976,6342296,500900,12152
draft-open,1810440,230752,6525789,565030,12152
draft-open,1781060,230752,6142381,510020,12152
draft-open,1936120,230752,6925198,591340,12152
draft-open,2142880,230752,6730823,660740,12152
draft-open,1942069,230752,7344157,488051,12152
draft-open,1752430,230752,6485288,489270,12152
draft-open,1913940,230752,6208173,502610,12152
draft-open,1893459,230752,6703393,527490,12152
draft-open,1955810,230752,5735222,725540,12152
draft-open,1734140,230752,6364196,494229,12152
draft-open,1728850,230752,6414177,464910,12152
draft-open,1841249,233704,6330905,599950,14968
draft-open,1708199,230752,6379456,470780,12288
draft-open,1766140,230752,5863785,458100,12152
draft-open,1733629,230976,6454388,493910,12152
draft-open,1647090,230752,6041708,492930,12152
draft-open,1686949,230752,6375007,472490,12152
draft-open,1829800,230752,6628491,478860,12152
draft-open,2015859,230752,6674412,529430,12152
draft-open,2184730,230752,6994450,542640,12152
draft-open,2444359,230752,6175141,867949,12152
draft-open,2058239,230752,6794205,554560,12152
draft-open,2023940,230752,6030919,596020,12152
draft-open,1818419,230752,6416917,514820,12152
draft-open,1847520,230752,6290944,497500,12152
draft-open,1720399,230752,6420847,492000,12152
draft-open,1734240,230752,6471748,488410,12152
draft-open,1834769,230752,5962067,542430,12152
draft-open,1707550,230752,6524989,482480,12152
draft-open,1750720,230976,5951597,478120,12152
draft-open,1758900,230752,6625401,492870,12152
draft-open,1954500,230752,7190414,510840,12152
draft-open,1832519,230752,6654712,510020,12152
draft-open,1843700,230752,6476498,573640,12152
draft-open,2209860,230752,6553420,516220,12152
draft-open,2559369,230752,7205424,576400,12152
draft-open,2357190,230752,6141731,805260,12152
draft-open,2004470,230752,7280085,575890,12152
draft-open,2139880,230752,6785535,689850,12152
draft-open,1919239,230752,6461308,613008,12152
draft-open,1772879,230752,6904837,489740,12152
draft-open,1806440,230752,6220273,486590,12152
draft-open,1786420,230752,6924067,553940,12152
draft-open,1770860,230752,6071900,474840,12152
draft-open,1761470,230976,6725653,517310,12152
draft-open,1762300,230752,6165842,520040,12152
draft-open,1919549,230752,6982449,452849,12152
draft-open,2205810,230752,7864088,514970,12152
draft-open,2327009,230752,6522589,696280,12152
draft-open,2097330,230752,6863956,547970,12152
draft-open,2425860,233704,7189594,739839,14968
draft-open,2366500,230752,7684064,582440,12288
draft-open,2180290,230752,6595370,722550,12152
draft-open,1811489,230752,6588511,527870,12152
draft-open,1674739,230752,6303154,476020,12152
draft-open,1717410,230752,5950917,451290,12152
draft-open,1737779,230752,7106892,475950,12152
draft-open,1684940,230752,5860625,473510,12152
draft-open,2035770,230752,6581730,479480,12152
draft-open,1951610,230976,6156221,551640,12152
draft-open,1855259,230752,6378817,514830,12152
draft-open,1858610,230752,6280344,689250,12152
draft-open,2103679,230752,6736393,475599,12152
draft-open,1828060,230752,6170992,531960,12152
draft-open,1772549,230752,6138311,471798,12152
draft-open,1802189,230752,6603981,505230,12152
draft-open,2019089,230752,7731705,461400,12152
draft-open,1978360,230752,6784575,537810,12152
draft-open,1789909,230752,6628101,507750,12152
draft-open,1692260,230752,5890215,451140,12152
draft-open,1624269,230752,6296335,450840,12152
draft-open,1834670,230752,6488128,506370,12152
draft-open,1758270,230752,6502309,472640,12152
draft-open,1948660,230752,6424797,574020,12152
draft-open,1681220,230976,6165582,497629,12152
draft-open,1633700,230752,6295434,436030,12152
draft-open,1872268,230752,6095760,481939,12152
draft-open,1808379,230752,6640492,494770,12152
draft-open,1752370,230752,6353635,499729,12152
draft-open,1811719,230752,6819786,481190,12152
draft-open,1879220,230752,6368025,490150,12152
draft-open,2329749,230752,7061391,521040,12152
draft-open,2107739,230752,6957559,672980,12152
draft-open,2079370,230752,6359565,638710,12152
draft-open,1949509,230752,6731474,568410,12152
draft-open,1787240,230752,6374656,522680,12152
draft-open,1998530,230752,7318926,499230,12152
draft-open,2293649,230752,6824305,602950,12152
draft-open,2442380,230752,6722844,994650,12152
draft-open,1911940,233928,6866966,592809,14968
draft-open,1033740,230752,5414696,525100,12288
draft-open,761430,230752,6148511,280150,12152
draft-open,723230,230752,5589449,282740,12152
draft-open,741789,230752,6106571,263620,12152
draft-open,1455330,230752,6794315,279540,12152
draft-open,1128930,230752,5942526,511430,12152
draft-open,748860,230752,6296045,295120,12152
draft-open,751580,230752,5897675,271950,12152
draft-open,880240,230752,6303335,285050,12152
draft-open,1031059,230752,6239583,347580,12152
draft-open,1095280,230752,6091360,447390,12152
draft-open,1119500,230752,6097400,320060,12152
draft-open,1332590,230752,6234353,745500,12152
draft-open,717290,230752,6263454,278740,12152
draft-open,1318650,230976,7080541,336820,12152
draft-open,1017790,230752,6043339,436769,12152
draft-open,702450,230752,5628910,264090,12152
draft-open,736310,230752,6289624,268040,12152
draft-open,766300,230752,6199482,272170,12152
draft-open,855150,230752,6640082,271780,12152
draft-open,830400,230752,6516709,303550,12152
draft-open,764359,230752,5874375,302500,12152
draft-open,768960,230752,6118711,346010,12152
draft-open,1335940,230752,6565850,277200,12152
draft-open,1303100,230752,6462078,405920,12152
draft-open,1422409,230752,7539041,369009,12152
draft-open,2110109,230752,7881698,587470,12152
draft-open,2106280,230752,7295055,613090,12152
draft-open,2635019,230752,6978119,1174170,12152
draft-open,2213680,230976,7497350,558330,12152
