phase,cpu_ns,alloc_bytes,wall_ns
,91111871,6468096,104028034
,18828167,188624,19774223
,11428877,130784,11725651
,13983287,109768,14319306
,13279715,111200,13633251
,14405248,111208,14811677
,12523507,119176,12746512
,14772796,111536,15639235
,13504096,126976,13696133
,10738548,110512,11005685
,12398186,112128,12618530
,11652447,111568,11730501
,12519216,110376,12733402
,11458887,111032,11533166
,11861977,110840,11986426
,11846016,112400,11936425
,12331517,111144,12823275
,6212579,136368,12025007
,11085488,144320,11171128
,10238997,111368,10269950
,11575747,112192,11620009
,10425818,111336,10564335
,11481657,111480,11561188
,11120457,112832,11158478
,12436576,112328,12499018
,9749708,112384,10049794
,11935506,112128,12104909
,11737117,111656,11980146
,10855017,112648,10993755
,9112188,111680,9171326
,12604627,120080,13503709
,4715219,111568,11515236
,9795927,111800,19004006
,17647315,126584,44820508
,7646118,112416,11026836
,8085357,111152,17657068
,8150078,111512,19024896
,7469589,111152,13481879
,7697597,111160,17250969
,5149649,111040,9008292
,11099937,111480,11201680
,10829397,111424,11056636
,6224478,253304,10896793
,10820178,122176,10999605
,5090680,111600,10150237
,10013498,77776,10158207
,10989227,76160,11026826
,11205117,77800,11241920
,10307589,76112,10357192
,8490928,91552,8540332
,10091317,76584,10318461
,2639750,76080,10337361
,11321367,76768,11400663
,10196178,77256,10261080
,10257337,76112,10303080
,16218674,76192,23500893
,6735450,77680,7520120
,12501975,76256,13086650
,8295159,76112,23935162
,9977707,76304,17268029
,7821707,76112,13249893
,13428127,76192,14271895
,7641109,76224,22639224
,5543169,76264,9958023
,6133178,76360,16249188
,11923547,91304,11984926
,10603557,76224,10867822
,4544029,76232,12989448
,5723999,76112,13930378
,12895067,76192,13173851
,5369718,76112,9441132
,9165798,76360,9487923
,6108790,76224,16740898
,6090329,76192,12713461
,6576759,77824,17623287
,5765559,76176,15306808
,17211726,76112,17867882
,17017836,76080,18067296
,12663357,76112,13130851
,11445427,76080,11509726
,14495947,76384,14653663
,14415436,91472,14810107
,11280067,76224,11370613
,20469916,76248,22648884
,6532889,76536,21532030
,7559947,76304,7665154
,12792837,76224,12842274
,9804647,76192,9863621
,7454679,77504,7487500
,7316498,76416,7365738
,7946558,76584,7977950
,7233298,76192,7265556
,5501748,76224,6829276
,6300729,76504,6359906
,6666458,76224,6801035
,5034089,77424,5076569
,5307249,76336,5565578
,3050440,91464,8778838
,5074348,76392,5108519
,5855239,76192,5925627
,6467379,76224,6763395
,2346000,76192,8654925
,2281419,76224,8255766
,5033560,76192,10605237
,7271547,76448,7477080
,2287799,76192,5816514
,2097919,76224,9221697
,4692629,76192,12122299
,6253069,76224,6603522
,2902889,76192,9150465
,4005668,76472,10295580
,7471568,76552,7513221
,8583848,76224,8619254
,6515398,91416,6555110
,8383468,76440,8428981
,8494488,76192,8660375
,10556837,76224,11578767
,7287720,76192,7653264
,7865608,76264,8041662
,3467840,76416,8716236
,8312937,76224,8364589
,9299158,76192,9503773
,3782959,76640,7793397
,10137388,76192,10235208
,8273058,76224,8511233
,7325479,76192,7645653
,12041217,77568,13519619
,6293418,76192,6384057
,9628688,76272,9758958
,10038257,91416,10083715
,6529929,76472,6622342
,9178827,76192,9290669
,1832620,76224,9056973
,2369329,76192,8991303
,5768928,76448,11990256
,10811697,76192,10849372
,2823140,76224,3015794
,2434319,77464,5992679
,6866259,76224,6901587
,6029048,76272,6060790
,6308629,76640,6402467
,11158877,76296,13384716
,7453029,76072,7500290
,11346037,76608,11411124
,9444037,76112,9956673
,6065029,91264,6125131
,6934508,76072,7011599
,8821308,76520,8891131
,9206748,76224,9246257
,7841648,76416,7965611
,7679198,76224,7785586
,6786198,76192,6842786
,7345007,76224,7379758
,6119859,76192,6325706
,4009589,76224,7825787
,7878818,76192,7922919
,9919948,77568,9982213
,7434598,76192,7479670
,9266198,76224,9305329
,7666268,76904,7736456
,7237278,76224,7290985
,6402789,91416,6442298
,7804747,76608,7847468
,9146337,76192,9210787
,6518899,76448,6678753
,4176569,76192,7042730
,3863968,76800,7482120
,7383138,75688,7846758
,8442088,75720,8536012
,7971478,75936,8110374
,3466531,75720,7720945
,4720077,75688,8801478
,7266498,75720,7377378
,3462520,75688,7109012
,3563239,75720,7407118
,6885178,75688,7019260
,2926879,75720,7917289
,2850449,90912,7344777
,6179159,75720,12738543
,6744208,75960,6779945
,6536408,75720,6763554
,3190620,75688,7437159
,2493089,75720,9545624
,2043749,75688,7405569
,2779649,75720,8368139
,5002919,75840,9260677
,3924629,75720,9680008
,7027128,75688,7127312
,7549898,77064,7706705
,3758560,75992,7824507
,5147578,75720,12443006
,6528797,75688,13334135
,7851558,75720,7881798
,8811488,90912,8855070
,3578760,76240,7611892
,7380559,75688,7464170
,7216709,75720,7462100
,3452841,75688,8322187
,4032099,75720,8629395
,3655789,76184,6975089
,7400448,75568,7430169
,5960679,75536,6006798
,6854199,75568,6915268
,9087919,75536,9149766
,7368727,75568,7577732
,3551060,75688,8718706
,3145720,75720,8499342
,3977169,75688,10170117
,8158278,75720,8432620
,3848059,91384,9010243
,3398639,75720,8386110
,8484089,75688,8675675
,4595679,75720,10034944
,2900779,75776,6671103
,3739689,75720,10694249
,7575918,75688,7724085
,3545669,75720,9961403
,3032349,75688,6692533
,8516238,77064,8554023
,7369438,75688,7662784
,3037070,75968,10558065
,1691599,75688,6179402
,2852710,75720,10173638
,1992309,76272,6558810
,2709768,75944,8974682
,2339210,90912,7123022
,1996710,75720,7098852
,2358050,75688,7929510
,2213190,76048,7661133
,2032829,75688,6249464
,2155210,75720,7682804
,2150340,75688,6878557
,2499780,75720,7876769
,2333200,75688,7628113
,2017029,75816,6701083
,2246730,75688,7710535
,7684308,75720,7849998
,2269740,75688,6133640
,2374799,75720,7500251
,2030910,75912,6644412
,2904018,75720,7764376
,5111789,90912,11428514
,2433009,75720,7203314
,2586100,75688,8496512
,2407459,75824,7219564
,2740941,75728,8631365
,2295219,75720,6193642
,7105738,75688,7196534
,6416867,75568,7429069
,4216889,76752,4269631
,6918599,75568,7025770
,3299459,75536,7770386
,3332739,76912,6777725
,2888980,75536,6126131
,4184260,75944,7945890
,7571788,75688,8021742
,7052938,75720,7156893
,5141979,90912,5310713
,2169449,75720,6007689
,1990310,75688,6444898
,2173539,75720,6848226
,1915750,75688,5426276
,2244709,75720,6326395
,1874440,75752,6098420
,1956430,75720,8627275
,2255569,75688,6354336
,1903260,75720,5914916
,2397639,76360,6790115
,7041308,75720,7227915
,2182470,75912,7027860
,2176631,76000,7222504
,1962439,75936,6181033
,2220330,75720,7147402
,2271558,90912,6728704
,7034858,75720,7196914
,1684410,75688,6453508
,2227330,75720,7624733
,2140849,75944,6535930
,9544878,75720,9575985
,7857988,75688,7888208
,6059569,75720,6089500
,7849089,75992,7885639
,7423998,75720,7476550
,7275379,75688,7513310
,2690349,75944,8270267
,2923439,75688,9454032
,6212637,345344,11162569
,8603569,182912,12986778
board-still,6754688,366552,7001719
board-still,5624179,90752,5737963
board-still,3174470,75560,8666285
board-still,5960388,75528,6053320
board-still,7024298,87120,7188463
board-still,2507331,75528,7396068
board-still,1720969,75864,5976738
board-still,1828940,75528,6177402
board-still,2549529,75600,7209144
board-still,2132639,75528,5219312
board-still,1650119,75560,5692022
board-still,2331749,75752,8065452
board-still,4700508,75560,9399971
board-still,3709909,75528,3835662
board-still,1958329,75560,7108492
board-still,3430990,75528,8139564
board-still,4086118,75560,4269361
board-still,2305998,90752,6815976
board-still,6742188,75560,6898797
board-still,2034430,75528,6045570
board-still,1893600,75560,6397736
board-still,2669899,75528,8384990
board-still,5370909,75560,5427676
board-still,5742298,75528,5872795
board-still,1962820,75560,7141643
board-still,1904509,75792,5134470
board-still,2080159,75544,6494478
board-still,3617759,75288,16490163
board-still,6517538,75320,6648902
board-still,2683979,75040,7905149
board-still,3022899,74824,7573092
board-still,6916359,74848,7062211
board-still,2532511,74824,8427370
board-still,5022229,90016,5164001
board-still,2108069,75072,7387377
board-still,2044890,74792,7669584
board-still,3713739,76168,9175247
board-still,5397528,75096,5533738
board-still,1780919,78632,5905226
board-still,1851081,74792,7744626
board-still,2150270,74824,9214407
board-still,2164229,75272,6755264
board-still,2328469,74824,7927819
board-still,1980829,74792,8258847
board-still,2442739,74824,7151433
board-still,2324080,74792,7151203
board-still,2347000,74672,8431840
board-still,2665801,77704,7712345
board-still,2761500,74672,8105183
board-still,1852099,89864,6514080
board-still,1885130,74672,6759054
board-still,7545528,74640,7742256
board-still,1980089,74824,6687403
board-still,2150630,74792,6263613
board-still,2608239,74824,7306217
board-still,1815919,74792,6316744
board-still,1872730,75048,6909278
board-still,1829379,74640,5728563
board-still,1529440,74672,5842315
board-still,1928849,74680,7019620
board-still,2592269,74672,7673804
board-still,1679220,74640,5959467
board-still,2459389,74672,7525471
board-still,1887570,74792,6104690
board-still,2006280,74824,7837718
board-still,1670650,90016,4966736
board-still,1886131,74824,7034041
board-still,2000761,74792,7619823
board-still,2388050,74824,6672552
board-still,2520859,74792,6369876
board-still,2899219,75080,9531224
board-still,1929541,75016,6808806
board-still,2122699,76240,8299997
board-still,2640070,74792,9209357
board-still,2839100,75128,8232876
board-still,3717928,74792,8590854
board-still,7975179,74824,8143564
board-still,1853248,74640,5959737
board-still,1892189,74672,8299328
board-still,2024359,74640,8389119
board-still,2191009,74672,10790811
board-still,1720239,90248,6987549
board-still,1591839,74672,7493690
board-still,1847039,74792,8625314
board-still,2565720,74960,9184007
board-still,1685279,74832,6800445
board-still,1712190,75520,8585134
board-still,2034798,74840,10656968
board-still,2991689,74824,8710476
board-still,5663399,75096,11442665
board-still,8534228,74824,8629704
board-still,10845828,74792,11189309
board-still,8193688,74824,10970425
board-still,2966120,74792,4452135
board-still,4590510,74824,10371242
board-still,7873718,75304,8197805
board-still,10184507,74824,10215788
board-still,5580829,90016,5694292
board-still,2454269,74824,6482038
board-still,1930339,74792,5884116
board-still,3036420,74824,8383169
board-still,5358528,75016,5547859
board-still,2722040,74824,6910978
board-still,2412160,76136,7837937
board-still,6341529,74824,6702154
board-still,2244097,74792,8248226
board-still,2237819,74824,6881147
board-still,2332369,75096,7937490
board-still,3312581,74824,8124013
board-still,2596539,74792,6861087
board-still,2540129,75072,6873437
board-still,2548619,74792,8141654
board-still,2644819,74824,7143223
board-still,3262480,90016,7721225
board-still,3064709,75080,6617871
board-still,7765408,74792,7993981
board-still,3629689,75048,8010911
board-still,3234148,74792,6188993
board-still,3619158,74824,7682374
board-still,7774758,74792,7809437
board-still,7817358,74824,7912079
board-still,6007188,75096,6076370
board-still,7190809,74824,7261745
board-still,7341988,74792,7420519
board-still,7011848,75208,7178064
board-still,3104719,74792,7730585
board-still,5318919,74824,10811911
board-still,13881806,74792,13940208
board-still,7316839,74824,7490910
board-still,2283079,90016,7860478
board-still,2206750,74824,8550793
board-still,2432579,75016,8567673
board-still,1885331,74824,7967770
board-still,2556389,74792,9042714
board-still,3158800,74824,10525725
board-still,3460169,76176,11572097
board-still,3193778,74824,8757187
board-still,2202039,74792,6745574
board-still,2029859,74824,8421491
board-still,1726060,74904,8429420
board-still,2065560,74824,10355601
board-still,1460530,74792,5795454
board-still,2015899,74824,8226346
board-still,3697469,74792,9409901
board-still,8028028,74824,8088383
board-still,7147868,90272,7190934
board-still,6422469,75048,6465898
board-still,6698178,74792,6725074
board-still,13433368,74824,26766362
board-still,2762939,74792,2819230
board-still,2252238,74824,7587652
board-still,3132819,74792,8961172
board-still,7643038,74824,7907639
board-still,6536520,74792,12369404
board-still,8307478,74824,8385170
board-still,7402348,74792,7688114
board-still,2309429,74824,6974909
board-still,2230081,74792,7268555
board-still,2128721,74824,6953469
board-still,5742519,74792,5856325
board-still,1253069,74824,6167562
board-still,4804598,90488,11237380
board-still,6127099,74824,6360256
board-still,3172799,75096,7445170
board-still,7358858,74824,7553881
board-still,2409310,76136,6369706
board-still,7025728,74824,7138553
board-still,3427269,74792,9053423
board-still,4140279,74824,9492863
board-still,4332890,74896,8422550
board-still,7961729,74824,7994651
board-still,7640849,74792,7672424
board-still,7719568,74824,7874939
board-still,4044279,74792,7002349
board-still,7760098,74824,7839938
board-still,8195198,74792,8262507
board-still,8080938,75048,8111753
board-still,7120398,90016,7227084
board-still,3437321,74824,8019392
board-still,5125098,74792,5414686
board-still,3035420,74824,10647547
board-still,2763839,74792,7205034
board-still,3678690,74824,9656677
board-still,7737619,74792,7995401
board-still,1459860,74824,7075141
board-still,1256550,74792,7632043
board-still,1038030,74712,7298256
board-still,1405939,74944,7751966
board-still,1267749,74672,7434399
board-still,1613741,74640,7381767
board-still,1875330,74672,7886259
board-still,1844199,74864,6898317
board-still,1105360,74824,5583770
board-still,1242499,90400,7379477
board-still,1039209,74824,7700905
board-still,933669,74792,7021020
board-still,1347479,75128,7842708
board-still,2457189,75096,8888880
board-still,1541290,76168,7182444
board-still,1670160,74792,6874477
board-still,2533200,74824,8168714
board-still,1614980,74792,7003860
board-still,1219580,74824,6769694
board-still,1159210,74792,7011241
board-still,1481952,74824,8211695
board-still,2178289,74928,7415459
board-still,1999559,75048,6987109
board-still,1116320,74792,6795935
board-still,1115550,74824,6792025
board-still,1513320,90016,8155185
board-still,1108009,74824,7248365
board-still,1149352,74792,7508990
board-still,1111368,75072,6536490
board-still,1256000,74792,6107350
board-still,1023820,74824,7753816
board-still,2023780,74792,6969919
board-still,1416680,75080,6216213
board-still,1218019,74792,5031498
board-still,1185360,74824,5472447
board-still,2008119,74792,8646735
board-still,1671129,74968,7570131
board-still,1236329,75016,6876918
board-still,2502690,74824,8580623
board-still,1997469,74912,7937890
board-still,2325089,74824,9040723
board-still,1534600,90016,7024560
board-still,1089600,74824,7906989
board-still,1014350,74792,8511442
board-still,994189,75120,8995862
board-still,1152990,74792,7542312
board-still,925860,74824,7943269
board-still,950620,74792,7877879
board-still,991060,76168,7556801
board-still,1088050,74792,8963972
board-still,951120,74824,7931029
board-still,921820,74792,7754706
board-still,1034671,75048,8183965
board-still,978459,74832,7890019
board-still,1126102,74824,7929119
board-still,1417321,74792,8087753
board-still,1073129,74824,7465670
board-still,2621800,90016,11586507
board-still,2380790,74824,8349679
board-still,1600319,74792,6230143
board-still,2674710,74824,9008063
board-still,4385019,74792,10087515
board-still,2007081,74824,6156792
board-still,1003090,74792,7436029
board-still,910820,74768,6758334
board-still,1637201,74640,7897679
board-still,1395800,74832,6387427
board-still,2193560,74864,8769017
board-still,1774979,74672,7762156
board-still,2207619,74640,8325048
board-still,1914667,74824,7666144
board-still,1554799,75176,7338907
board-still,1379240,75280,7455819
board-still,1905300,90016,8175185
board-still,1719600,74824,7744516
board-still,1026510,74792,7627783
board-still,960510,74824,7791636
board-still,931050,74792,7514221
board-still,951079,74824,8021391
board-still,1027710,75040,8817039
board-still,1026990,76168,8169395
board-still,1302129,74640,7056770
board-still,1355989,74896,8374470
board-still,1629449,74944,8309137
board-still,1246150,75800,7213014
board-still,927500,74640,7490900
board-still,841340,74672,7624393
board-still,1070089,74792,7493021
board-still,899789,74824,7791716
board-still,1179809,90016,8239676
board-still,1252980,74824,6927898
board-still,956340,74792,7933840
board-still,1456820,74824,9012193
board-still,1194290,74792,6709763
board-still,1027449,74824,6718224
board-still,995230,74792,5901836
board-still,1139129,74824,6274064
board-still,982660,75016,5613900
board-still,1254149,74824,6264754
board-still,1741950,74792,6671143
board-still,1446769,74824,5871855
board-still,1510960,76784,6018569
board-still,2092989,74824,7159343
board-still,1466100,74792,5553959
board-still,1330989,74864,6043059
board-still,2194780,90016,6905337
board-still,2160998,74824,6581971
board-still,2376149,74792,7071071
board-still,5828599,74824,5966448
board-still,1384551,74792,4803913
board-still,1824160,74824,9167345
board-still,1305690,74792,6622292
board-still,1211320,75096,7124552
board-still,1252350,74792,6970449
board-still,1112500,74824,8780908
,4436430,225880,7208654
,1372281,76728,6950979
,1169850,74792,6626471
,1362200,74824,7352848
,1286619,74792,6154541
,1849729,74816,7272406
,1701970,90008,6605711
,1135229,74816,5626730
,1464290,75088,6623152
,2161490,75376,8663595
,1989339,74784,6215623
,1895539,74816,7433489
,3184889,75008,10847332
,9052668,74816,9152145
,9942487,74784,9990414
,6435449,74856,6499899
,7920648,74784,7970170
,9234487,74816,9362480
,2506109,75168,5327714
,2429329,75120,7433019
,3029819,74784,9498043
,68316025,4713648,69917105
draft-dealing,16799446,462360,17251679
draft-dealing,74253701,3868736,76187338
draft-dealing,12597227,451360,13179762
draft-dealing,9279108,460128,10099806
draft-dealing,11523216,458640,12379055
draft-dealing,8500318,458992,8727636
draft-dealing,8078687,460192,10642938
draft-dealing,9700868,458720,10534335
draft-dealing,10052259,458936,10471954
draft-dealing,7535598,455064,8889700
draft-dealing,10524447,455464,10815531
draft-dealing,8745497,414240,9076594
draft-dealing,5499339,338136,8717616
draft-dealing,7366048,338136,7766926
draft-dealing,8414238,338160,8793068
draft-dealing,3833239,318152,8102493
draft-dealing,6605648,317952,7066162
draft-dealing,8066848,317968,8560023
draft-dealing,4927918,317800,8138214
draft-dealing,3673899,318000,8323938
draft-dealing,7353288,317976,7488950
draft-dealing,7119519,317600,7322996
draft-dealing,3216179,317400,7574982
draft-dealing,8588438,317304,8615034
draft-dealing,8527757,317400,8554203
draft-dealing,9572507,317528,9598765
draft-dealing,16953037,439824,23019432
draft-dealing,5844838,320592,9702158
draft-dealing,8040079,302752,8730787
draft-dealing,6772759,280496,7048560
draft-dealing,9534817,281040,9608056
draft-dealing,6597849,280720,6621911
draft-dealing,7786218,280944,7812607
draft-dealing,9759297,281488,9793980
draft-dealing,7834218,281192,7880838
draft-dealing,7293329,281504,7321837
draft-dealing,7427928,302872,7474319
draft-dealing,8070648,282240,8096993
draft-dealing,11405928,282392,11870504
draft-dealing,10350277,290384,10892953
draft-dealing,6817469,290656,6912718
draft-dealing,8622217,291328,9347630
draft-dealing,2527500,290232,10919303
draft-dealing,7176597,304376,7325667
draft-dealing,8165688,304976,8191665
draft-dealing,7361848,303992,7384918
draft-dealing,8398628,305584,8433320
draft-dealing,8318798,304152,8345838
draft-dealing,8523738,304672,8574564
draft-dealing,7329598,304128,7421568
draft-dealing,7327919,304192,7354957
draft-dealing,8020318,304016,8086993
draft-dealing,12102107,342480,12179411
draft-dealing,10156716,297552,18375233
draft-dealing,3255729,297416,3264159
draft-dealing,7691348,297592,7717175
draft-dealing,10914288,310144,10944114
draft-dealing,6620438,299720,6650032
draft-dealing,9040778,299200,9112315
draft-dealing,10101178,302136,10128807
draft-dealing,6972868,299448,7062691
draft-dealing,7860778,295920,7889698
draft-dealing,9204398,290104,9296259
draft-dealing,7890008,285448,7957440
draft-dealing,6776248,282680,6812246
draft-dealing,7676748,282904,7701354
draft-dealing,7546648,279920,7571042
draft-dealing,6261659,272624,6284115
draft-dealing,7698969,274864,7721375
draft-dealing,9249828,287848,9286498
draft-dealing,8407288,277104,8433501
draft-dealing,7865077,277104,7898469
draft-dealing,6103018,277104,6127040
draft-dealing,6773909,277104,6797676
draft-dealing,8249378,277104,8273666
draft-dealing,6967627,277104,6993560
draft-dealing,7837688,277104,7861178
draft-dealing,7144458,277104,7166403
draft-dealing,8118519,277104,8143935
draft-dealing,9876697,277104,9901621
draft-dealing,10160308,277328,10193208
draft-dealing,7057278,277088,7086312
draft-dealing,8080937,277088,8107683
draft-dealing,6846259,277088,6936088
draft-dealing,6945539,277088,6976949
draft-dealing,10694697,277336,10844972
draft-dealing,11749527,277088,11871264
draft-dealing,10567867,278432,11509196
draft-dealing,7983758,267272,8015491
draft-dealing,10535168,269144,10560386
draft-dealing,9689157,284216,9717408
draft-dealing,6430589,281448,6457708
draft-dealing,8641798,281448,8664485
draft-dealing,8000598,281448,8080583
draft-dealing,7556428,281448,7591562
draft-dealing,7301739,281672,7325797
draft-dealing,7897359,281448,7923439
draft-dealing,7379739,286672,7411928
draft-dealing,8034888,279480,8060233
draft-dealing,6503908,279384,6528869
draft-dealing,7828638,279384,7853998
draft-dealing,6625148,279368,6656082
draft-dealing,8095659,279368,8128634
draft-dealing,7167618,279368,7191694
draft-dealing,8225458,279368,8248956
draft-dealing,6275538,279368,6298365
draft-dealing,7296758,279368,7320177
draft-dealing,7582109,279368,7606872
draft-dealing,8004978,279248,8034972
draft-dealing,6829738,271184,6855637
draft-dealing,6837988,283864,6862936
draft-dealing,7944018,301688,7967661
draft-dealing,8216558,285312,8240825
draft-dealing,8515148,283600,8543243
draft-dealing,8237368,283664,8265677
draft-dealing,7363288,283600,7390288
draft-dealing,11473268,283600,11512646
draft-dealing,8580038,283600,8607244
draft-dealing,8549658,281632,8574283
draft-dealing,7073538,282600,7101582
draft-dealing,8306568,283680,8335358
draft-dealing,10877437,281536,10909273
draft-dealing,6789239,281520,6810646
draft-dealing,10089687,281520,10116716
draft-dealing,9507148,281520,10128297
draft-dealing,8872728,281744,9230767
draft-dealing,13234337,281520,14656104
draft-dealing,7390819,281520,8087043
draft-dealing,8885548,279928,9462162
draft-dealing,8723297,271472,8948871
draft-dealing,7534888,271472,7904189
draft-dealing,8947878,271472,9877631
draft-dealing,7798098,271472,8272397
draft-dealing,8575498,271472,8824189
draft-dealing,9594168,271472,9627665
draft-dealing,9946337,271512,10397283
draft-dealing,12721137,350128,13134641
draft-dealing,5005839,307544,11167128
draft-dealing,9391729,307312,10343751
draft-dealing,8464708,305344,8494772
draft-dealing,8770957,305480,9389771
draft-dealing,9096318,305624,9542654
draft-dealing,9008208,305256,9155346
draft-dealing,7935018,305256,7999620
draft-dealing,9404528,305256,9435902
draft-dealing,9277638,305256,9301349
draft-dealing,7767918,306616,7800117
draft-dealing,10275757,395800,10340271
draft-dealing,37105081,5398744,38002982
draft-dealing,8782068,443184,13259254
draft-dealing,9457347,398536,9531253
draft-dealing,12639837,398536,13338555
draft-dealing,10060718,398536,10107857
draft-dealing,9816077,398568,9858640
draft-dealing,9527408,398536,9584615
draft-dealing,11246277,401376,11291871
draft-dealing,10137808,397552,10177668
draft-dealing,8702168,397456,8763798
draft-dealing,12919797,397472,12950956
draft-dealing,17704276,405784,17746580
draft-dealing,13290008,378784,13340755
draft-dealing,14220447,351088,14262135
draft-dealing,14810126,306240,14834127
draft-dealing,12636408,306248,12665591
draft-dealing,7027818,306248,7051200
draft-dealing,9647968,306248,9674347
draft-dealing,9895217,309432,9926942
draft-dealing,10921298,306576,10978585
draft-dealing,6926098,306184,6949939
draft-dealing,10838128,306232,10882612
draft-dealing,9422897,306544,9457092
draft-dealing,6668788,306120,6703164
draft-dealing,8104669,306088,8141144
draft-dealing,7595448,306088,7626483
draft-dealing,7080488,306088,7110422
draft-dealing,7704168,306088,7733825
draft-dealing,8000658,306192,8033772
draft-dealing,6799768,306088,6821526
draft-dealing,6266308,306088,6287284
draft-dealing,6769458,306088,6795255
draft-dealing,6699859,306088,6725324
,5918008,387896,5939207
,6978599,306088,6999690
,6163998,306088,6185242
,6405909,306088,6426377
,8086578,351808,8115874
,10525877,355000,10571196
draft-open,2694880,308240,5265243
draft-open,6107208,306088,6128640
draft-open,6341059,306312,6360996
draft-open,7514838,306160,7548472
draft-open,6496228,306088,6516889
draft-open,6766829,306632,6789265
draft-open,6407158,306088,6426948
draft-open,6191459,306088,6212032
draft-open,6775278,306088,6798696
draft-open,6572168,306088,6594361
draft-open,6824529,306088,6849676
draft-open,6200278,306088,6220003
draft-open,6374209,306088,6396387
draft-open,6701369,306312,6722153
draft-open,6351208,309272,6373167
draft-open,6576099,306088,6597671
draft-open,7071968,306448,7093542
draft-open,6314459,305992,6334175
draft-open,6641369,305864,6665362
draft-open,5893339,305864,5917777
draft-open,7801968,305864,7826397
draft-open,6193488,305864,6216223
draft-open,6901358,305864,6922978
draft-open,7831229,305864,7857428
draft-open,7815908,305864,7896819
draft-open,8741898,305864,8770707
draft-open,6430058,305864,6454808
draft-open,7856448,305864,7882739
draft-open,8794698,306088,8828008
draft-open,7591618,305864,7616033
draft-open,6764779,305864,6790546
draft-open,7771588,305864,7796036
draft-open,6974848,305864,7000400
draft-open,7372278,305864,7398298
draft-open,8734628,305864,8830569
draft-open,7569538,305864,7595362
draft-open,8278428,305864,8301928
draft-open,7410968,305864,7433989
draft-open,8445088,305864,8469751
draft-open,7761498,305864,7819697
draft-open,8110478,305864,8136284
draft-open,7733088,305864,7758686
draft-open,8110219,305864,8135583
draft-open,8400898,306088,8426891
draft-open,7866958,305864,7939199
draft-open,9673378,305864,9697517
draft-open,7339279,305864,7414509
draft-open,7092418,309048,9167746
draft-open,7756538,305864,7782386
draft-open,8752068,306224,8778188
draft-open,8318097,305864,8346469
draft-open,9209908,305864,9236357
draft-open,7327538,305864,7351747
draft-open,9618298,305864,9649026
draft-open,7485718,305864,7522101
draft-open,8065398,305864,8088783
draft-open,7590088,305864,7625393
draft-open,7902339,305864,7948180
draft-open,9041648,306088,9074784
draft-open,7747108,305864,9829070
draft-open,8867358,305864,8907731
draft-open,11738528,305864,20639871
draft-open,7754418,305864,7777576
draft-open,9055527,305864,9087685
draft-open,12610177,305864,12639550
draft-open,14511467,305864,14541431
draft-open,9198938,305864,9256287
draft-open,9154708,308128,10443974
draft-open,7697767,305864,7832017
draft-open,9190797,305864,9229407
draft-open,8616848,305864,8661986
draft-open,11533697,305864,11574167
draft-open,9419838,305864,9449622
draft-open,9499808,309272,9526193
draft-open,7992148,305864,8029542
draft-open,11024467,306224,11062717
draft-open,7557148,305864,7586802
draft-open,9531908,305864,9558124
draft-open,10575918,305864,10601347
draft-open,13828167,305864,13867876
draft-open,10260247,305864,10290060
draft-open,8036808,305864,10122837
draft-open,10945837,305864,10977224
draft-open,9678638,305864,9714638
draft-open,9445418,305864,9482993
draft-open,11310927,305864,11342632
draft-open,9349388,305864,11431205
draft-open,11652007,305864,11684259
draft-open,11984457,306088,12245362
draft-open,9347958,305864,9561714
draft-open,11878777,305864,11902825
draft-open,6594889,305864,6619871
draft-open,6560038,305864,6580331
draft-open,7011518,305864,7043091
draft-open,7091719,305864,7119292
draft-open,6908738,305864,6943608
draft-open,7604068,305864,7627313
draft-open,6383608,305864,6405577
draft-open,7689169,305864,8512472
draft-open,6141660,305864,6191723
draft-open,6768968,305864,6791415
draft-open,7549878,309048,7575732
draft-open,6433779,305864,6455198
draft-open,7470157,306448,7491800
draft-open,6503098,305864,6524239
draft-open,7207969,305864,7231745
draft-open,7412068,305864,7442569
draft-open,6678118,305864,6700283
draft-open,7157909,305864,7183244
draft-open,6447418,305864,6467068
draft-open,7046488,305864,7069061
draft-open,8322608,305864,8346958
draft-open,8101648,305864,8126614
draft-open,7683648,305864,7703685
draft-open,7115909,305864,7136412
draft-open,12002217,305864,12029568
draft-open,7665518,305864,7688494
draft-open,8749208,305984,8774708
draft-open,7383798,306088,7413768
draft-open,7153558,305864,7172633
draft-open,8577068,305864,8597914
draft-open,8596538,305864,8648655
draft-open,8526578,305864,8547873
draft-open,9274858,305864,9299309
draft-open,9809437,305864,9833780
draft-open,9821717,305992,9846640
draft-open,8430518,305864,8457431
draft-open,9749618,305864,9777199
draft-open,10140878,305864,10181698
draft-open,9973278,305864,10003384
draft-open,12583587,305864,12619949
draft-open,12256187,309048,12295953
draft-open,12636776,306224,12656501
draft-open,11747028,306088,11782402
draft-open,16386736,305864,19702661
draft-open,16245075,305864,22380928
draft-open,7475858,305864,7502421
draft-open,7119068,305864,7145503
draft-open,6745988,305864,6777174
draft-open,6869289,305864,6894088
draft-open,6895948,305864,6920228
draft-open,6805428,305864,6828186
draft-open,7522439,305864,7551051
draft-open,7173118,305864,7195814
draft-open,6282047,305864,6305925
draft-open,6688979,305864,6718953
draft-open,6317398,305864,6345686
draft-open,7289338,305864,7327157
draft-open,8092008,306088,8168354
draft-open,7909588,305864,7941680
draft-open,7021189,305864,7178703
draft-open,6272178,305864,6295515
draft-open,6920438,305864,6945479
draft-open,6599779,305864,6622691
draft-open,6722337,305864,6747074
draft-open,8170368,305864,8195685
draft-open,6866109,305864,6894878
draft-open,6678718,305864,6703043
draft-open,7493539,305864,7525311
draft-open,6530809,305864,6555890
draft-open,8941347,305864,8965312
draft-open,6399099,309384,6422107
draft-open,7706128,305944,7733656
draft-open,7547148,306528,7623102
draft-open,6428279,305944,6451608
draft-open,10745258,305944,10773581
draft-open,7267669,305944,7288845
draft-open,7449338,305944,7472540
draft-open,10864798,305944,10895213
draft-open,5610288,305944,5645291
draft-open,6271949,305944,6294454
draft-open,5755779,305944,5782444
draft-open,5731949,305944,5755343
draft-open,6018699,305944,6042289
draft-open,5531378,305944,5551739
draft-open,5901479,305944,5921907
draft-open,5513388,305944,5534178
draft-open,5878859,305944,5901396
draft-open,6220218,306168,6245443
draft-open,5649749,305944,5678022
draft-open,6017939,305944,6040719
draft-open,5585269,305944,5605390
draft-open,5710179,305944,5732552
draft-open,7023537,305944,7045501
draft-open,5077339,305944,5098089
draft-open,6093239,305944,6114631
draft-open,5695658,305944,5718702
draft-open,5770469,305944,5791484
draft-open,6044068,305944,6067179
draft-open,5663489,305944,5686802
draft-open,6161938,305944,6185852
draft-open,5846479,305944,5867285
draft-open,5444699,305944,5465307
draft-open,5881968,306168,5902776
draft-open,7093778,305944,7121043
draft-open,6129729,305944,6158061
draft-open,7149847,305944,7179684
draft-open,7585318,305944,7613293
draft-open,6405709,305944,6434427
draft-open,6295947,305944,6324545
draft-open,6756069,309128,6778265
draft-open,5637918,305944,5660051
draft-open,6019359,305944,6041550
draft-open,6104979,306304,6126810
draft-open,5694649,305944,5718703
draft-open,5991608,305944,6013398
draft-open,5991729,305944,6015319
draft-open,6037959,305944,6058689
draft-open,5632858,306168,5663391
draft-open,4447689,305944,6524670
draft-open,6317898,305944,6349316
draft-open,5075108,305944,7155623
draft-open,6318769,305944,6342905
draft-open,6524778,305944,6555280
draft-open,6703999,305944,6730214
draft-open,6840368,305944,6869147
draft-open,7075798,305944,7149173
draft-open,7227558,305944,7262695
draft-open,7672989,305944,7703335
draft-open,5459279,305944,7544111
draft-open,9664527,305944,9699957
draft-open,5708689,305992,5735933
draft-open,7224288,305944,7256645
draft-open,5069138,306168,7146313
draft-open,7299089,305944,7334317
draft-open,5671469,305944,7750465
draft-open,5960049,305944,5987438
draft-open,5868569,305944,5891356
draft-open,7721358,305944,7811267
draft-open,5921249,305944,5943987
draft-open,6280928,305944,6304155
draft-open,6262139,305944,6286535
draft-open,6452398,305944,6482398
draft-open,6507038,305944,6530040
draft-open,6270429,305944,6316415
draft-open,6669768,305944,6693413
draft-open,6405759,305944,6431307
draft-open,6571488,305944,6616742
draft-open,6976818,309352,7003849
draft-open,6373699,305944,6397787
draft-open,6763868,305944,6788425
draft-open,6185749,306304,6211083
draft-open,6734468,305944,6759314
draft-open,6798269,305944,6825797
draft-open,6068158,305944,6091050
draft-open,6561748,305944,6590131
draft-open,5963459,305944,5991258
draft-open,6427107,305944,6454167
draft-open,6627459,305944,6650963
draft-open,6170087,305944,6194042
draft-open,6370379,305944,6394377
draft-open,6715518,305944,6741944
draft-open,7549208,305944,7572222
draft-open,6801439,306168,6837326
draft-open,6264248,306136,6287004
draft-open,6538518,305944,6562111
draft-open,6132639,305944,6157131
draft-open,6167298,305944,6190843
draft-open,6405329,305944,6428517
draft-open,5938068,305944,5965047
draft-open,6064679,305944,6087401
draft-open,5733259,305944,5754343
draft-open,5702847,305944,5731032
draft-open,6779789,305944,6817366
draft-open,10840987,305944,10867682
draft-open,5690969,305944,5715543
draft-open,5813738,305944,5836114
draft-open,5873619,305944,5900016
draft-open,6276068,306168,6297125
draft-open,5685169,305944,5707092
draft-open,6157609,305944,6183082
draft-open,5838199,305944,5862685
draft-open,5903119,305944,5925607
draft-open,6254508,305944,6290635
draft-open,5725019,305944,5747622
draft-open,6576328,305944,6600952
draft-open,5754329,305944,5777683
draft-open,5703298,305944,5724222
draft-open,6225339,309128,6247914
draft-open,5861118,305944,11141658
draft-open,1100380,305944,1121324
draft-open,5578289,306304,5600710
draft-open,5837299,305944,5858125
draft-open,6513108,306168,6537120
draft-open,5472949,305944,5494247
draft-open,5957439,305944,5982278
draft-open,5548548,305944,5571919
draft-open,5791269,305944,5815305
draft-open,6360488,305944,6383156
draft-open,3640799,305944,5714072
draft-open,6042908,305944,6064310
draft-open,5619569,305944,5640220
draft-open,5718419,305944,5739393
draft-open,6137388,305944,6164142
draft-open,5532369,305944,5552969
draft-open,6107527,305944,6143571
draft-open,5626429,305944,5648051
draft-open,5710889,305944,5731282
draft-open,6007368,306168,6028929
